[{"model": "contenttypes.contenttype", "pk": 1, "fields": {"app_label": "admin", "model": "logentry"}}, {"model": "contenttypes.contenttype", "pk": 2, "fields": {"app_label": "auth", "model": "permission"}}, {"model": "contenttypes.contenttype", "pk": 3, "fields": {"app_label": "auth", "model": "group"}}, {"model": "contenttypes.contenttype", "pk": 4, "fields": {"app_label": "contenttypes", "model": "contenttype"}}, {"model": "contenttypes.contenttype", "pk": 5, "fields": {"app_label": "sessions", "model": "session"}}, {"model": "contenttypes.contenttype", "pk": 6, "fields": {"app_label": "user", "model": "user"}}, {"model": "contenttypes.contenttype", "pk": 7, "fields": {"app_label": "user", "model": "usersetting"}}, {"model": "contenttypes.contenttype", "pk": 8, "fields": {"app_label": "user", "model": "userprofile"}}, {"model": "contenttypes.contenttype", "pk": 9, "fields": {"app_label": "location", "model": "province"}}, {"model": "contenttypes.contenttype", "pk": 10, "fields": {"app_label": "location", "model": "city"}}, {"model": "contenttypes.contenttype", "pk": 11, "fields": {"app_label": "actions", "model": "action"}}, {"model": "contenttypes.contenttype", "pk": 13, "fields": {"app_label": "food", "model": "foodcategory"}}, {"model": "contenttypes.contenttype", "pk": 14, "fields": {"app_label": "food", "model": "food"}}, {"model": "contenttypes.contenttype", "pk": 15, "fields": {"app_label": "location", "model": "place"}}, {"model": "contenttypes.contenttype", "pk": 16, "fields": {"app_label": "taggit", "model": "tag"}}, {"model": "contenttypes.contenttype", "pk": 17, "fields": {"app_label": "taggit", "model": "taggeditem"}}, {"model": "contenttypes.contenttype", "pk": 18, "fields": {"app_label": "topic", "model": "foodtopic"}}, {"model": "contenttypes.contenttype", "pk": 19, "fields": {"app_label": "blog", "model": "post"}}, {"model": "contenttypes.contenttype", "pk": 20, "fields": {"app_label": "comments", "model": "foodcomment"}}, {"model": "contenttypes.contenttype", "pk": 21, "fields": {"app_label": "comments", "model": "topiccomment"}}, {"model": "contenttypes.contenttype", "pk": 22, "fields": {"app_label": "comments", "model": "postcomment"}}, {"model": "contenttypes.contenttype", "pk": 23, "fields": {"app_label": "djcelery", "model": "taskmeta"}}, {"model": "contenttypes.contenttype", "pk": 24, "fields": {"app_label": "djcelery", "model": "tasksetmeta"}}, {"model": "contenttypes.contenttype", "pk": 25, "fields": {"app_label": "djcelery", "model": "intervalschedule"}}, {"model": "contenttypes.contenttype", "pk": 26, "fields": {"app_label": "djcelery", "model": "crontabschedule"}}, {"model": "contenttypes.contenttype", "pk": 27, "fields": {"app_label": "djcelery", "model": "periodictasks"}}, {"model": "contenttypes.contenttype", "pk": 28, "fields": {"app_label": "djcelery", "model": "periodictask"}}, {"model": "contenttypes.contenttype", "pk": 29, "fields": {"app_label": "djcelery", "model": "workerstate"}}, {"model": "contenttypes.contenttype", "pk": 30, "fields": {"app_label": "djcelery", "model": "taskstate"}}, {"model": "contenttypes.contenttype", "pk": 31, "fields": {"app_label": "updown", "model": "vote"}}, {"model": "contenttypes.contenttype", "pk": 32, "fields": {"app_label": "thumbnail", "model": "kvstore"}}, {"model": "sessions.session", "pk": "4khsxw8ubbd0osm82hon8zmvg3mcmmza", "fields": {"session_data": "NWViMDg3ZmUyNDQ5ZGViYTBiMDk0YjRkM2JjNWExNmJkNDU0NGEyZDp7Il9hdXRoX3VzZXJfaWQiOiIxIiwiX2F1dGhfdXNlcl9iYWNrZW5kIjoidXNlci5hdXRoLkVtYWlsQXV0aEJhY2tlbmQiLCJfYXV0aF91c2VyX2hhc2giOiI3NTgyYTYwOTc2MTdhNjhkZjA4MGRhMjI3YmIwYWY5ODljZDNjM2Q5In0=", "expire_date": "2016-06-20T02:27:09Z"}}, {"model": "food.foodcategory", "pk": 2, "fields": {"name": "\u7cd6\u679c"}}, {"model": "food.foodcategory", "pk": 3, "fields": {"name": "\u5de7\u514b\u529b"}}, {"model": "food.foodcategory", "pk": 4, "fields": {"name": "\u7cd5\u997c"}}, {"model": "food.foodcategory", "pk": 5, "fields": {"name": "\u9152\u6c34"}}, {"model": "food.foodcategory", "pk": 6, "fields": {"name": "\u96f6\u98df"}}, {"model": "food.foodcategory", "pk": 7, "fields": {"name": "\u996e\u6599"}}, {"model": "food.foodcategory", "pk": 8, "fields": {"name": "\u6c34\u679c"}}, {"model": "food.foodcategory", "pk": 9, "fields": {"name": "\u852c\u83dc"}}, {"model": "food.foodcategory", "pk": 10, "fields": {"name": "\u6d77\u9c9c"}}, {"model": "food.foodcategory", "pk": 11, "fields": {"name": "\u5176\u4ed6"}}, {"model": "location.province", "pk": 38, "fields": {"name": "\u5317\u4eac"}}, {"model": "location.province", "pk": 39, "fields": {"name": "\u5e7f\u4e1c"}}, {"model": "location.province", "pk": 40, "fields": {"name": "\u4e0a\u6d77"}}, {"model": "location.province", "pk": 41, "fields": {"name": "\u5929\u6d25"}}, {"model": "location.province", "pk": 42, "fields": {"name": "\u91cd\u5e86"}}, {"model": "location.province", "pk": 43, "fields": {"name": "\u8fbd\u5b81"}}, {"model": "location.province", "pk": 44, "fields": {"name": "\u6c5f\u82cf"}}, {"model": "location.province", "pk": 45, "fields": {"name": "\u6e56\u5317"}}, {"model": "location.province", "pk": 46, "fields": {"name": "\u56db\u5ddd"}}, {"model": "location.province", "pk": 47, "fields": {"name": "\u9655\u897f"}}, {"model": "location.province", "pk": 48, "fields": {"name": "\u6cb3\u5317"}}, {"model": "location.province", "pk": 49, "fields": {"name": "\u5c71\u897f"}}, {"model": "location.province", "pk": 50, "fields": {"name": "\u6cb3\u5357"}}, {"model": "location.province", "pk": 51, "fields": {"name": "\u5409\u6797"}}, {"model": "location.province", "pk": 52, "fields": {"name": "\u9ed1\u9f99\u6c5f"}}, {"model": "location.province", "pk": 53, "fields": {"name": "\u5185\u8499\u53e4"}}, {"model": "location.province", "pk": 54, "fields": {"name": "\u5c71\u4e1c"}}, {"model": "location.province", "pk": 55, "fields": {"name": "\u5b89\u5fbd"}}, {"model": "location.province", "pk": 56, "fields": {"name": "\u6d59\u6c5f"}}, {"model": "location.province", "pk": 57, "fields": {"name": "\u798f\u5efa"}}, {"model": "location.province", "pk": 58, "fields": {"name": "\u6e56\u5357"}}, {"model": "location.province", "pk": 59, "fields": {"name": "\u5e7f\u897f"}}, {"model": "location.province", "pk": 60, "fields": {"name": "\u6c5f\u897f"}}, {"model": "location.province", "pk": 61, "fields": {"name": "\u8d35\u5dde"}}, {"model": "location.province", "pk": 62, "fields": {"name": "\u4e91\u5357"}}, {"model": "location.province", "pk": 63, "fields": {"name": "\u897f\u85cf"}}, {"model": "location.province", "pk": 64, "fields": {"name": "\u6d77\u5357"}}, {"model": "location.province", "pk": 65, "fields": {"name": "\u7518\u8083"}}, {"model": "location.province", "pk": 66, "fields": {"name": "\u5b81\u590f"}}, {"model": "location.province", "pk": 67, "fields": {"name": "\u9752\u6d77"}}, {"model": "location.province", "pk": 68, "fields": {"name": "\u65b0\u7586"}}, {"model": "location.province", "pk": 69, "fields": {"name": "\u9999\u6e2f"}}, {"model": "location.province", "pk": 70, "fields": {"name": "\u6fb3\u95e8"}}, {"model": "location.province", "pk": 71, "fields": {"name": "\u53f0\u6e7e"}}, {"model": "location.province", "pk": 72, "fields": {"name": "\u6d77\u5916"}}, {"model": "location.province", "pk": 73, "fields": {"name": "\u5176\u4ed6"}}, {"model": "location.city", "pk": 571, "fields": {"name": "\u4e1c\u57ce\u533a", "province": 38}}, {"model": "location.city", "pk": 572, "fields": {"name": "\u897f\u57ce\u533a", "province": 38}}, {"model": "location.city", "pk": 573, "fields": {"name": "\u5d07\u6587\u533a", "province": 38}}, {"model": "location.city", "pk": 574, "fields": {"name": "\u5ba3\u6b66\u533a", "province": 38}}, {"model": "location.city", "pk": 575, "fields": {"name": "\u671d\u9633\u533a", "province": 38}}, {"model": "location.city", "pk": 576, "fields": {"name": "\u6d77\u6dc0\u533a", "province": 38}}, {"model": "location.city", "pk": 577, "fields": {"name": "\u4e30\u53f0\u533a", "province": 38}}, {"model": "location.city", "pk": 578, "fields": {"name": "\u77f3\u666f\u5c71\u533a", "province": 38}}, {"model": "location.city", "pk": 579, "fields": {"name": "\u623f\u5c71\u533a", "province": 38}}, {"model": "location.city", "pk": 580, "fields": {"name": "\u901a\u5dde\u533a", "province": 38}}, {"model": "location.city", "pk": 581, "fields": {"name": "\u987a\u4e49\u533a", "province": 38}}, {"model": "location.city", "pk": 582, "fields": {"name": "\u660c\u5e73\u533a", "province": 38}}, {"model": "location.city", "pk": 583, "fields": {"name": "\u5927\u5174\u533a", "province": 38}}, {"model": "location.city", "pk": 584, "fields": {"name": "\u6000\u67d4\u533a", "province": 38}}, {"model": "location.city", "pk": 585, "fields": {"name": "\u5e73\u8c37\u533a", "province": 38}}, {"model": "location.city", "pk": 586, "fields": {"name": "\u95e8\u5934\u6c9f\u533a", "province": 38}}, {"model": "location.city", "pk": 587, "fields": {"name": "\u5bc6\u4e91\u53bf", "province": 38}}, {"model": "location.city", "pk": 588, "fields": {"name": "\u5ef6\u5e86\u53bf", "province": 38}}, {"model": "location.city", "pk": 589, "fields": {"name": "\u5176\u4ed6", "province": 38}}, {"model": "location.city", "pk": 590, "fields": {"name": "\u5e7f\u5dde", "province": 39}}, {"model": "location.city", "pk": 591, "fields": {"name": "\u6df1\u5733", "province": 39}}, {"model": "location.city", "pk": 592, "fields": {"name": "\u73e0\u6d77", "province": 39}}, {"model": "location.city", "pk": 593, "fields": {"name": "\u6c55\u5934", "province": 39}}, {"model": "location.city", "pk": 594, "fields": {"name": "\u97f6\u5173", "province": 39}}, {"model": "location.city", "pk": 595, "fields": {"name": "\u4f5b\u5c71", "province": 39}}, {"model": "location.city", "pk": 596, "fields": {"name": "\u6c5f\u95e8", "province": 39}}, {"model": "location.city", "pk": 597, "fields": {"name": "\u6e5b\u6c5f", "province": 39}}, {"model": "location.city", "pk": 598, "fields": {"name": "\u8302\u540d", "province": 39}}, {"model": "location.city", "pk": 599, "fields": {"name": "\u8087\u5e86", "province": 39}}, {"model": "location.city", "pk": 600, "fields": {"name": "\u60e0\u5dde", "province": 39}}, {"model": "location.city", "pk": 601, "fields": {"name": "\u6885\u5dde", "province": 39}}, {"model": "location.city", "pk": 602, "fields": {"name": "\u6c55\u5c3e", "province": 39}}, {"model": "location.city", "pk": 603, "fields": {"name": "\u6cb3\u6e90", "province": 39}}, {"model": "location.city", "pk": 604, "fields": {"name": "\u9633\u6c5f", "province": 39}}, {"model": "location.city", "pk": 605, "fields": {"name": "\u6e05\u8fdc", "province": 39}}, {"model": "location.city", "pk": 606, "fields": {"name": "\u4e1c\u839e", "province": 39}}, {"model": "location.city", "pk": 607, "fields": {"name": "\u4e2d\u5c71", "province": 39}}, {"model": "location.city", "pk": 608, "fields": {"name": "\u6f6e\u5dde", "province": 39}}, {"model": "location.city", "pk": 609, "fields": {"name": "\u63ed\u9633", "province": 39}}, {"model": "location.city", "pk": 610, "fields": {"name": "\u4e91\u6d6e", "province": 39}}, {"model": "location.city", "pk": 611, "fields": {"name": "\u5176\u4ed6", "province": 39}}, {"model": "location.city", "pk": 612, "fields": {"name": "\u9ec4\u6d66\u533a", "province": 40}}, {"model": "location.city", "pk": 613, "fields": {"name": "\u5362\u6e7e\u533a", "province": 40}}, {"model": "location.city", "pk": 614, "fields": {"name": "\u5f90\u6c47\u533a", "province": 40}}, {"model": "location.city", "pk": 615, "fields": {"name": "\u957f\u5b81\u533a", "province": 40}}, {"model": "location.city", "pk": 616, "fields": {"name": "\u9759\u5b89\u533a", "province": 40}}, {"model": "location.city", "pk": 617, "fields": {"name": "\u666e\u9640\u533a", "province": 40}}, {"model": "location.city", "pk": 618, "fields": {"name": "\u95f8\u5317\u533a", "province": 40}}, {"model": "location.city", "pk": 619, "fields": {"name": "\u8679\u53e3\u533a", "province": 40}}, {"model": "location.city", "pk": 620, "fields": {"name": "\u6768\u6d66\u533a", "province": 40}}, {"model": "location.city", "pk": 621, "fields": {"name": "\u5b9d\u5c71\u533a", "province": 40}}, {"model": "location.city", "pk": 622, "fields": {"name": "\u95f5\u884c\u533a", "province": 40}}, {"model": "location.city", "pk": 623, "fields": {"name": "\u5609\u5b9a\u533a", "province": 40}}, {"model": "location.city", "pk": 624, "fields": {"name": "\u677e\u6c5f\u533a", "province": 40}}, {"model": "location.city", "pk": 625, "fields": {"name": "\u91d1\u5c71\u533a", "province": 40}}, {"model": "location.city", "pk": 626, "fields": {"name": "\u9752\u6d66\u533a", "province": 40}}, {"model": "location.city", "pk": 627, "fields": {"name": "\u5357\u6c47\u533a", "province": 40}}, {"model": "location.city", "pk": 628, "fields": {"name": "\u5949\u8d24\u533a", "province": 40}}, {"model": "location.city", "pk": 629, "fields": {"name": "\u6d66\u4e1c\u65b0\u533a", "province": 40}}, {"model": "location.city", "pk": 630, "fields": {"name": "\u5d07\u660e\u53bf", "province": 40}}, {"model": "location.city", "pk": 631, "fields": {"name": "\u5176\u4ed6", "province": 40}}, {"model": "location.city", "pk": 632, "fields": {"name": "\u548c\u5e73\u533a", "province": 41}}, {"model": "location.city", "pk": 633, "fields": {"name": "\u6cb3\u4e1c\u533a", "province": 41}}, {"model": "location.city", "pk": 634, "fields": {"name": "\u6cb3\u897f\u533a", "province": 41}}, {"model": "location.city", "pk": 635, "fields": {"name": "\u5357\u5f00\u533a", "province": 41}}, {"model": "location.city", "pk": 636, "fields": {"name": "\u6cb3\u5317\u533a", "province": 41}}, {"model": "location.city", "pk": 637, "fields": {"name": "\u7ea2\u6865\u533a", "province": 41}}, {"model": "location.city", "pk": 638, "fields": {"name": "\u5858\u6cbd\u533a", "province": 41}}, {"model": "location.city", "pk": 639, "fields": {"name": "\u6c49\u6cbd\u533a", "province": 41}}, {"model": "location.city", "pk": 640, "fields": {"name": "\u5927\u6e2f\u533a", "province": 41}}, {"model": "location.city", "pk": 641, "fields": {"name": "\u4e1c\u4e3d\u533a", "province": 41}}, {"model": "location.city", "pk": 642, "fields": {"name": "\u897f\u9752\u533a", "province": 41}}, {"model": "location.city", "pk": 643, "fields": {"name": "\u5317\u8fb0\u533a", "province": 41}}, {"model": "location.city", "pk": 644, "fields": {"name": "\u6d25\u5357\u533a", "province": 41}}, {"model": "location.city", "pk": 645, "fields": {"name": "\u6b66\u6e05\u533a", "province": 41}}, {"model": "location.city", "pk": 646, "fields": {"name": "\u5b9d\u577b\u533a", "province": 41}}, {"model": "location.city", "pk": 647, "fields": {"name": "\u9759\u6d77\u53bf", "province": 41}}, {"model": "location.city", "pk": 648, "fields": {"name": "\u5b81\u6cb3\u53bf", "province": 41}}, {"model": "location.city", "pk": 649, "fields": {"name": "\u84df\u53bf", "province": 41}}, {"model": "location.city", "pk": 650, "fields": {"name": "\u5176\u4ed6", "province": 41}}, {"model": "location.city", "pk": 651, "fields": {"name": "\u6e1d\u4e2d\u533a", "province": 42}}, {"model": "location.city", "pk": 652, "fields": {"name": "\u5927\u6e21\u53e3\u533a", "province": 42}}, {"model": "location.city", "pk": 653, "fields": {"name": "\u6c5f\u5317\u533a", "province": 42}}, {"model": "location.city", "pk": 654, "fields": {"name": "\u5357\u5cb8\u533a", "province": 42}}, {"model": "location.city", "pk": 655, "fields": {"name": "\u5317\u789a\u533a", "province": 42}}, {"model": "location.city", "pk": 656, "fields": {"name": "\u6e1d\u5317\u533a", "province": 42}}, {"model": "location.city", "pk": 657, "fields": {"name": "\u5df4\u5357\u533a", "province": 42}}, {"model": "location.city", "pk": 658, "fields": {"name": "\u957f\u5bff\u533a", "province": 42}}, {"model": "location.city", "pk": 659, "fields": {"name": "\u53cc\u6865\u533a", "province": 42}}, {"model": "location.city", "pk": 660, "fields": {"name": "\u6c99\u576a\u575d\u533a", "province": 42}}, {"model": "location.city", "pk": 661, "fields": {"name": "\u4e07\u76db\u533a", "province": 42}}, {"model": "location.city", "pk": 662, "fields": {"name": "\u4e07\u5dde\u533a", "province": 42}}, {"model": "location.city", "pk": 663, "fields": {"name": "\u6daa\u9675\u533a", "province": 42}}, {"model": "location.city", "pk": 664, "fields": {"name": "\u9ed4\u6c5f\u533a", "province": 42}}, {"model": "location.city", "pk": 665, "fields": {"name": "\u6c38\u5ddd\u533a", "province": 42}}, {"model": "location.city", "pk": 666, "fields": {"name": "\u5408\u5ddd\u533a", "province": 42}}, {"model": "location.city", "pk": 667, "fields": {"name": "\u6c5f\u6d25\u533a", "province": 42}}, {"model": "location.city", "pk": 668, "fields": {"name": "\u4e5d\u9f99\u5761\u533a", "province": 42}}, {"model": "location.city", "pk": 669, "fields": {"name": "\u5357\u5ddd\u533a", "province": 42}}, {"model": "location.city", "pk": 670, "fields": {"name": "\u7da6\u6c5f\u53bf", "province": 42}}, {"model": "location.city", "pk": 671, "fields": {"name": "\u6f7c\u5357\u53bf", "province": 42}}, {"model": "location.city", "pk": 672, "fields": {"name": "\u8363\u660c\u53bf", "province": 42}}, {"model": "location.city", "pk": 673, "fields": {"name": "\u74a7\u5c71\u53bf", "province": 42}}, {"model": "location.city", "pk": 674, "fields": {"name": "\u5927\u8db3\u53bf", "province": 42}}, {"model": "location.city", "pk": 675, "fields": {"name": "\u94dc\u6881\u53bf", "province": 42}}, {"model": "location.city", "pk": 676, "fields": {"name": "\u6881\u5e73\u53bf", "province": 42}}, {"model": "location.city", "pk": 677, "fields": {"name": "\u5f00\u53bf", "province": 42}}, {"model": "location.city", "pk": 678, "fields": {"name": "\u5fe0\u53bf", "province": 42}}, {"model": "location.city", "pk": 679, "fields": {"name": "\u57ce\u53e3\u53bf", "province": 42}}, {"model": "location.city", "pk": 680, "fields": {"name": "\u57ab\u6c5f\u53bf", "province": 42}}, {"model": "location.city", "pk": 681, "fields": {"name": "\u6b66\u9686\u53bf", "province": 42}}, {"model": "location.city", "pk": 682, "fields": {"name": "\u4e30\u90fd\u53bf", "province": 42}}, {"model": "location.city", "pk": 683, "fields": {"name": "\u5949\u8282\u53bf", "province": 42}}, {"model": "location.city", "pk": 684, "fields": {"name": "\u4e91\u9633\u53bf", "province": 42}}, {"model": "location.city", "pk": 685, "fields": {"name": "\u5deb\u6eaa\u53bf", "province": 42}}, {"model": "location.city", "pk": 686, "fields": {"name": "\u5deb\u5c71\u53bf", "province": 42}}, {"model": "location.city", "pk": 687, "fields": {"name": "\u77f3\u67f1\u571f\u5bb6\u65cf\u81ea\u6cbb\u53bf", "province": 42}}, {"model": "location.city", "pk": 688, "fields": {"name": "\u79c0\u5c71\u571f\u5bb6\u65cf\u82d7\u65cf\u81ea\u6cbb\u53bf", "province": 42}}, {"model": "location.city", "pk": 689, "fields": {"name": "\u9149\u9633\u571f\u5bb6\u65cf\u82d7\u65cf\u81ea\u6cbb\u53bf", "province": 42}}, {"model": "location.city", "pk": 690, "fields": {"name": "\u5f6d\u6c34\u82d7\u65cf\u571f\u5bb6\u65cf\u81ea\u6cbb\u53bf", "province": 42}}, {"model": "location.city", "pk": 691, "fields": {"name": "\u5176\u4ed6", "province": 42}}, {"model": "location.city", "pk": 692, "fields": {"name": "\u6c88\u9633", "province": 43}}, {"model": "location.city", "pk": 693, "fields": {"name": "\u5927\u8fde", "province": 43}}, {"model": "location.city", "pk": 694, "fields": {"name": "\u978d\u5c71", "province": 43}}, {"model": "location.city", "pk": 695, "fields": {"name": "\u629a\u987a", "province": 43}}, {"model": "location.city", "pk": 696, "fields": {"name": "\u672c\u6eaa", "province": 43}}, {"model": "location.city", "pk": 697, "fields": {"name": "\u4e39\u4e1c", "province": 43}}, {"model": "location.city", "pk": 698, "fields": {"name": "\u9526\u5dde", "province": 43}}, {"model": "location.city", "pk": 699, "fields": {"name": "\u8425\u53e3", "province": 43}}, {"model": "location.city", "pk": 700, "fields": {"name": "\u961c\u65b0", "province": 43}}, {"model": "location.city", "pk": 701, "fields": {"name": "\u8fbd\u9633", "province": 43}}, {"model": "location.city", "pk": 702, "fields": {"name": "\u76d8\u9526", "province": 43}}, {"model": "location.city", "pk": 703, "fields": {"name": "\u94c1\u5cad", "province": 43}}, {"model": "location.city", "pk": 704, "fields": {"name": "\u671d\u9633", "province": 43}}, {"model": "location.city", "pk": 705, "fields": {"name": "\u846b\u82a6\u5c9b", "province": 43}}, {"model": "location.city", "pk": 706, "fields": {"name": "\u5176\u4ed6", "province": 43}}, {"model": "location.city", "pk": 707, "fields": {"name": "\u5357\u4eac", "province": 44}}, {"model": "location.city", "pk": 708, "fields": {"name": "\u82cf\u5dde", "province": 44}}, {"model": "location.city", "pk": 709, "fields": {"name": "\u65e0\u9521", "province": 44}}, {"model": "location.city", "pk": 710, "fields": {"name": "\u5e38\u5dde", "province": 44}}, {"model": "location.city", "pk": 711, "fields": {"name": "\u9547\u6c5f", "province": 44}}, {"model": "location.city", "pk": 712, "fields": {"name": "\u5357\u901a", "province": 44}}, {"model": "location.city", "pk": 713, "fields": {"name": "\u6cf0\u5dde", "province": 44}}, {"model": "location.city", "pk": 714, "fields": {"name": "\u626c\u5dde", "province": 44}}, {"model": "location.city", "pk": 715, "fields": {"name": "\u76d0\u57ce", "province": 44}}, {"model": "location.city", "pk": 716, "fields": {"name": "\u8fde\u4e91\u6e2f", "province": 44}}, {"model": "location.city", "pk": 717, "fields": {"name": "\u5f90\u5dde", "province": 44}}, {"model": "location.city", "pk": 718, "fields": {"name": "\u6dee\u5b89", "province": 44}}, {"model": "location.city", "pk": 719, "fields": {"name": "\u5bbf\u8fc1", "province": 44}}, {"model": "location.city", "pk": 720, "fields": {"name": "\u5176\u4ed6", "province": 44}}, {"model": "location.city", "pk": 721, "fields": {"name": "\u6b66\u6c49", "province": 45}}, {"model": "location.city", "pk": 722, "fields": {"name": "\u9ec4\u77f3", "province": 45}}, {"model": "location.city", "pk": 723, "fields": {"name": "\u5341\u5830", "province": 45}}, {"model": "location.city", "pk": 724, "fields": {"name": "\u8346\u5dde", "province": 45}}, {"model": "location.city", "pk": 725, "fields": {"name": "\u5b9c\u660c", "province": 45}}, {"model": "location.city", "pk": 726, "fields": {"name": "\u8944\u6a0a", "province": 45}}, {"model": "location.city", "pk": 727, "fields": {"name": "\u9102\u5dde", "province": 45}}, {"model": "location.city", "pk": 728, "fields": {"name": "\u8346\u95e8", "province": 45}}, {"model": "location.city", "pk": 729, "fields": {"name": "\u5b5d\u611f", "province": 45}}, {"model": "location.city", "pk": 730, "fields": {"name": "\u9ec4\u5188", "province": 45}}, {"model": "location.city", "pk": 731, "fields": {"name": "\u54b8\u5b81", "province": 45}}, {"model": "location.city", "pk": 732, "fields": {"name": "\u968f\u5dde", "province": 45}}, {"model": "location.city", "pk": 733, "fields": {"name": "\u6069\u65bd\u571f\u5bb6\u65cf\u82d7\u65cf\u81ea\u6cbb\u5dde", "province": 45}}, {"model": "location.city", "pk": 734, "fields": {"name": "\u4ed9\u6843", "province": 45}}, {"model": "location.city", "pk": 735, "fields": {"name": "\u5929\u95e8", "province": 45}}, {"model": "location.city", "pk": 736, "fields": {"name": "\u6f5c\u6c5f", "province": 45}}, {"model": "location.city", "pk": 737, "fields": {"name": "\u795e\u519c\u67b6\u6797\u533a", "province": 45}}, {"model": "location.city", "pk": 738, "fields": {"name": "\u5176\u4ed6", "province": 45}}, {"model": "location.city", "pk": 739, "fields": {"name": "\u6210\u90fd", "province": 46}}, {"model": "location.city", "pk": 740, "fields": {"name": "\u81ea\u8d21", "province": 46}}, {"model": "location.city", "pk": 741, "fields": {"name": "\u6500\u679d\u82b1", "province": 46}}, {"model": "location.city", "pk": 742, "fields": {"name": "\u6cf8\u5dde", "province": 46}}, {"model": "location.city", "pk": 743, "fields": {"name": "\u5fb7\u9633", "province": 46}}, {"model": "location.city", "pk": 744, "fields": {"name": "\u7ef5\u9633", "province": 46}}, {"model": "location.city", "pk": 745, "fields": {"name": "\u5e7f\u5143", "province": 46}}, {"model": "location.city", "pk": 746, "fields": {"name": "\u9042\u5b81", "province": 46}}, {"model": "location.city", "pk": 747, "fields": {"name": "\u5185\u6c5f", "province": 46}}, {"model": "location.city", "pk": 748, "fields": {"name": "\u4e50\u5c71", "province": 46}}, {"model": "location.city", "pk": 749, "fields": {"name": "\u5357\u5145", "province": 46}}, {"model": "location.city", "pk": 750, "fields": {"name": "\u7709\u5c71", "province": 46}}, {"model": "location.city", "pk": 751, "fields": {"name": "\u5b9c\u5bbe", "province": 46}}, {"model": "location.city", "pk": 752, "fields": {"name": "\u5e7f\u5b89", "province": 46}}, {"model": "location.city", "pk": 753, "fields": {"name": "\u8fbe\u5dde", "province": 46}}, {"model": "location.city", "pk": 754, "fields": {"name": "\u96c5\u5b89", "province": 46}}, {"model": "location.city", "pk": 755, "fields": {"name": "\u5df4\u4e2d", "province": 46}}, {"model": "location.city", "pk": 756, "fields": {"name": "\u8d44\u9633", "province": 46}}, {"model": "location.city", "pk": 757, "fields": {"name": "\u963f\u575d\u85cf\u65cf\u7f8c\u65cf\u81ea\u6cbb\u5dde", "province": 46}}, {"model": "location.city", "pk": 758, "fields": {"name": "\u7518\u5b5c\u85cf\u65cf\u81ea\u6cbb\u5dde", "province": 46}}, {"model": "location.city", "pk": 759, "fields": {"name": "\u51c9\u5c71\u5f5d\u65cf\u81ea\u6cbb\u5dde", "province": 46}}, {"model": "location.city", "pk": 760, "fields": {"name": "\u5176\u4ed6", "province": 46}}, {"model": "location.city", "pk": 761, "fields": {"name": "\u897f\u5b89", "province": 47}}, {"model": "location.city", "pk": 762, "fields": {"name": "\u94dc\u5ddd", "province": 47}}, {"model": "location.city", "pk": 763, "fields": {"name": "\u5b9d\u9e21", "province": 47}}, {"model": "location.city", "pk": 764, "fields": {"name": "\u54b8\u9633", "province": 47}}, {"model": "location.city", "pk": 765, "fields": {"name": "\u6e2d\u5357", "province": 47}}, {"model": "location.city", "pk": 766, "fields": {"name": "\u5ef6\u5b89", "province": 47}}, {"model": "location.city", "pk": 767, "fields": {"name": "\u6c49\u4e2d", "province": 47}}, {"model": "location.city", "pk": 768, "fields": {"name": "\u6986\u6797", "province": 47}}, {"model": "location.city", "pk": 769, "fields": {"name": "\u5b89\u5eb7", "province": 47}}, {"model": "location.city", "pk": 770, "fields": {"name": "\u5546\u6d1b", "province": 47}}, {"model": "location.city", "pk": 771, "fields": {"name": "\u5176\u4ed6", "province": 47}}, {"model": "location.city", "pk": 772, "fields": {"name": "\u77f3\u5bb6\u5e84", "province": 48}}, {"model": "location.city", "pk": 773, "fields": {"name": "\u5510\u5c71", "province": 48}}, {"model": "location.city", "pk": 774, "fields": {"name": "\u79e6\u7687\u5c9b", "province": 48}}, {"model": "location.city", "pk": 775, "fields": {"name": "\u90af\u90f8", "province": 48}}, {"model": "location.city", "pk": 776, "fields": {"name": "\u90a2\u53f0", "province": 48}}, {"model": "location.city", "pk": 777, "fields": {"name": "\u4fdd\u5b9a", "province": 48}}, {"model": "location.city", "pk": 778, "fields": {"name": "\u5f20\u5bb6\u53e3", "province": 48}}, {"model": "location.city", "pk": 779, "fields": {"name": "\u627f\u5fb7", "province": 48}}, {"model": "location.city", "pk": 780, "fields": {"name": "\u6ca7\u5dde", "province": 48}}, {"model": "location.city", "pk": 781, "fields": {"name": "\u5eca\u574a", "province": 48}}, {"model": "location.city", "pk": 782, "fields": {"name": "\u8861\u6c34", "province": 48}}, {"model": "location.city", "pk": 783, "fields": {"name": "\u5176\u4ed6", "province": 48}}, {"model": "location.city", "pk": 784, "fields": {"name": "\u592a\u539f", "province": 49}}, {"model": "location.city", "pk": 785, "fields": {"name": "\u5927\u540c", "province": 49}}, {"model": "location.city", "pk": 786, "fields": {"name": "\u9633\u6cc9", "province": 49}}, {"model": "location.city", "pk": 787, "fields": {"name": "\u957f\u6cbb", "province": 49}}, {"model": "location.city", "pk": 788, "fields": {"name": "\u664b\u57ce", "province": 49}}, {"model": "location.city", "pk": 789, "fields": {"name": "\u6714\u5dde", "province": 49}}, {"model": "location.city", "pk": 790, "fields": {"name": "\u664b\u4e2d", "province": 49}}, {"model": "location.city", "pk": 791, "fields": {"name": "\u8fd0\u57ce", "province": 49}}, {"model": "location.city", "pk": 792, "fields": {"name": "\u5ffb\u5dde", "province": 49}}, {"model": "location.city", "pk": 793, "fields": {"name": "\u4e34\u6c7e", "province": 49}}, {"model": "location.city", "pk": 794, "fields": {"name": "\u5415\u6881", "province": 49}}, {"model": "location.city", "pk": 795, "fields": {"name": "\u5176\u4ed6", "province": 49}}, {"model": "location.city", "pk": 796, "fields": {"name": "\u90d1\u5dde", "province": 50}}, {"model": "location.city", "pk": 797, "fields": {"name": "\u5f00\u5c01", "province": 50}}, {"model": "location.city", "pk": 798, "fields": {"name": "\u6d1b\u9633", "province": 50}}, {"model": "location.city", "pk": 799, "fields": {"name": "\u5e73\u9876\u5c71", "province": 50}}, {"model": "location.city", "pk": 800, "fields": {"name": "\u5b89\u9633", "province": 50}}, {"model": "location.city", "pk": 801, "fields": {"name": "\u9e64\u58c1", "province": 50}}, {"model": "location.city", "pk": 802, "fields": {"name": "\u65b0\u4e61", "province": 50}}, {"model": "location.city", "pk": 803, "fields": {"name": "\u7126\u4f5c", "province": 50}}, {"model": "location.city", "pk": 804, "fields": {"name": "\u6fee\u9633", "province": 50}}, {"model": "location.city", "pk": 805, "fields": {"name": "\u8bb8\u660c", "province": 50}}, {"model": "location.city", "pk": 806, "fields": {"name": "\u6f2f\u6cb3", "province": 50}}, {"model": "location.city", "pk": 807, "fields": {"name": "\u4e09\u95e8\u5ce1", "province": 50}}, {"model": "location.city", "pk": 808, "fields": {"name": "\u5357\u9633", "province": 50}}, {"model": "location.city", "pk": 809, "fields": {"name": "\u5546\u4e18", "province": 50}}, {"model": "location.city", "pk": 810, "fields": {"name": "\u4fe1\u9633", "province": 50}}, {"model": "location.city", "pk": 811, "fields": {"name": "\u5468\u53e3", "province": 50}}, {"model": "location.city", "pk": 812, "fields": {"name": "\u9a7b\u9a6c\u5e97", "province": 50}}, {"model": "location.city", "pk": 813, "fields": {"name": "\u7126\u4f5c", "province": 50}}, {"model": "location.city", "pk": 814, "fields": {"name": "\u5176\u4ed6", "province": 50}}, {"model": "location.city", "pk": 815, "fields": {"name": "\u957f\u6625", "province": 51}}, {"model": "location.city", "pk": 816, "fields": {"name": "\u5409\u6797", "province": 51}}, {"model": "location.city", "pk": 817, "fields": {"name": "\u56db\u5e73", "province": 51}}, {"model": "location.city", "pk": 818, "fields": {"name": "\u8fbd\u6e90", "province": 51}}, {"model": "location.city", "pk": 819, "fields": {"name": "\u901a\u5316", "province": 51}}, {"model": "location.city", "pk": 820, "fields": {"name": "\u767d\u5c71", "province": 51}}, {"model": "location.city", "pk": 821, "fields": {"name": "\u677e\u539f", "province": 51}}, {"model": "location.city", "pk": 822, "fields": {"name": "\u767d\u57ce", "province": 51}}, {"model": "location.city", "pk": 823, "fields": {"name": "\u5ef6\u8fb9\u671d\u9c9c\u65cf\u81ea\u6cbb\u5dde", "province": 51}}, {"model": "location.city", "pk": 824, "fields": {"name": "\u5176\u4ed6", "province": 51}}, {"model": "location.city", "pk": 825, "fields": {"name": "\u54c8\u5c14\u6ee8", "province": 52}}, {"model": "location.city", "pk": 826, "fields": {"name": "\u9f50\u9f50\u54c8\u5c14", "province": 52}}, {"model": "location.city", "pk": 827, "fields": {"name": "\u9e64\u5c97", "province": 52}}, {"model": "location.city", "pk": 828, "fields": {"name": "\u53cc\u9e2d\u5c71", "province": 52}}, {"model": "location.city", "pk": 829, "fields": {"name": "\u9e21\u897f", "province": 52}}, {"model": "location.city", "pk": 830, "fields": {"name": "\u5927\u5e86", "province": 52}}, {"model": "location.city", "pk": 831, "fields": {"name": "\u4f0a\u6625", "province": 52}}, {"model": "location.city", "pk": 832, "fields": {"name": "\u7261\u4e39\u6c5f", "province": 52}}, {"model": "location.city", "pk": 833, "fields": {"name": "\u4f73\u6728\u65af", "province": 52}}, {"model": "location.city", "pk": 834, "fields": {"name": "\u4e03\u53f0\u6cb3", "province": 52}}, {"model": "location.city", "pk": 835, "fields": {"name": "\u9ed1\u6cb3", "province": 52}}, {"model": "location.city", "pk": 836, "fields": {"name": "\u7ee5\u5316", "province": 52}}, {"model": "location.city", "pk": 837, "fields": {"name": "\u5927\u5174\u5b89\u5cad\u5730\u533a", "province": 52}}, {"model": "location.city", "pk": 838, "fields": {"name": "\u5176\u4ed6", "province": 52}}, {"model": "location.city", "pk": 839, "fields": {"name": "\u547c\u548c\u6d69\u7279", "province": 53}}, {"model": "location.city", "pk": 840, "fields": {"name": "\u5305\u5934", "province": 53}}, {"model": "location.city", "pk": 841, "fields": {"name": "\u4e4c\u6d77", "province": 53}}, {"model": "location.city", "pk": 842, "fields": {"name": "\u8d64\u5cf0", "province": 53}}, {"model": "location.city", "pk": 843, "fields": {"name": "\u901a\u8fbd", "province": 53}}, {"model": "location.city", "pk": 844, "fields": {"name": "\u9102\u5c14\u591a\u65af", "province": 53}}, {"model": "location.city", "pk": 845, "fields": {"name": "\u547c\u4f26\u8d1d\u5c14", "province": 53}}, {"model": "location.city", "pk": 846, "fields": {"name": "\u5df4\u5f66\u6dd6\u5c14", "province": 53}}, {"model": "location.city", "pk": 847, "fields": {"name": "\u4e4c\u5170\u5bdf\u5e03", "province": 53}}, {"model": "location.city", "pk": 848, "fields": {"name": "\u9521\u6797\u90ed\u52d2\u76df", "province": 53}}, {"model": "location.city", "pk": 849, "fields": {"name": "\u5174\u5b89\u76df", "province": 53}}, {"model": "location.city", "pk": 850, "fields": {"name": "\u963f\u62c9\u5584\u76df", "province": 53}}, {"model": "location.city", "pk": 851, "fields": {"name": "\u5176\u4ed6", "province": 53}}, {"model": "location.city", "pk": 852, "fields": {"name": "\u6d4e\u5357", "province": 54}}, {"model": "location.city", "pk": 853, "fields": {"name": "\u9752\u5c9b", "province": 54}}, {"model": "location.city", "pk": 854, "fields": {"name": "\u6dc4\u535a", "province": 54}}, {"model": "location.city", "pk": 855, "fields": {"name": "\u67a3\u5e84", "province": 54}}, {"model": "location.city", "pk": 856, "fields": {"name": "\u4e1c\u8425", "province": 54}}, {"model": "location.city", "pk": 857, "fields": {"name": "\u70df\u53f0", "province": 54}}, {"model": "location.city", "pk": 858, "fields": {"name": "\u6f4d\u574a", "province": 54}}, {"model": "location.city", "pk": 859, "fields": {"name": "\u6d4e\u5b81", "province": 54}}, {"model": "location.city", "pk": 860, "fields": {"name": "\u6cf0\u5b89", "province": 54}}, {"model": "location.city", "pk": 861, "fields": {"name": "\u5a01\u6d77", "province": 54}}, {"model": "location.city", "pk": 862, "fields": {"name": "\u65e5\u7167", "province": 54}}, {"model": "location.city", "pk": 863, "fields": {"name": "\u83b1\u829c", "province": 54}}, {"model": "location.city", "pk": 864, "fields": {"name": "\u4e34\u6c82", "province": 54}}, {"model": "location.city", "pk": 865, "fields": {"name": "\u5fb7\u5dde", "province": 54}}, {"model": "location.city", "pk": 866, "fields": {"name": "\u804a\u57ce", "province": 54}}, {"model": "location.city", "pk": 867, "fields": {"name": "\u6ee8\u5dde", "province": 54}}, {"model": "location.city", "pk": 868, "fields": {"name": "\u83cf\u6cfd", "province": 54}}, {"model": "location.city", "pk": 869, "fields": {"name": "\u5176\u4ed6", "province": 54}}, {"model": "location.city", "pk": 870, "fields": {"name": "\u5408\u80a5", "province": 55}}, {"model": "location.city", "pk": 871, "fields": {"name": "\u829c\u6e56", "province": 55}}, {"model": "location.city", "pk": 872, "fields": {"name": "\u868c\u57e0", "province": 55}}, {"model": "location.city", "pk": 873, "fields": {"name": "\u6dee\u5357", "province": 55}}, {"model": "location.city", "pk": 874, "fields": {"name": "\u9a6c\u978d\u5c71", "province": 55}}, {"model": "location.city", "pk": 875, "fields": {"name": "\u6dee\u5317", "province": 55}}, {"model": "location.city", "pk": 876, "fields": {"name": "\u94dc\u9675", "province": 55}}, {"model": "location.city", "pk": 877, "fields": {"name": "\u5b89\u5e86", "province": 55}}, {"model": "location.city", "pk": 878, "fields": {"name": "\u9ec4\u5c71", "province": 55}}, {"model": "location.city", "pk": 879, "fields": {"name": "\u6ec1\u5dde", "province": 55}}, {"model": "location.city", "pk": 880, "fields": {"name": "\u961c\u9633", "province": 55}}, {"model": "location.city", "pk": 881, "fields": {"name": "\u5bbf\u5dde", "province": 55}}, {"model": "location.city", "pk": 882, "fields": {"name": "\u5de2\u6e56", "province": 55}}, {"model": "location.city", "pk": 883, "fields": {"name": "\u516d\u5b89", "province": 55}}, {"model": "location.city", "pk": 884, "fields": {"name": "\u4eb3\u5dde", "province": 55}}, {"model": "location.city", "pk": 885, "fields": {"name": "\u6c60\u5dde", "province": 55}}, {"model": "location.city", "pk": 886, "fields": {"name": "\u5ba3\u57ce", "province": 55}}, {"model": "location.city", "pk": 887, "fields": {"name": "\u5176\u4ed6", "province": 55}}, {"model": "location.city", "pk": 888, "fields": {"name": "\u676d\u5dde", "province": 56}}, {"model": "location.city", "pk": 889, "fields": {"name": "\u5b81\u6ce2", "province": 56}}, {"model": "location.city", "pk": 890, "fields": {"name": "\u6e29\u5dde", "province": 56}}, {"model": "location.city", "pk": 891, "fields": {"name": "\u5609\u5174", "province": 56}}, {"model": "location.city", "pk": 892, "fields": {"name": "\u6e56\u5dde", "province": 56}}, {"model": "location.city", "pk": 893, "fields": {"name": "\u7ecd\u5174", "province": 56}}, {"model": "location.city", "pk": 894, "fields": {"name": "\u91d1\u534e", "province": 56}}, {"model": "location.city", "pk": 895, "fields": {"name": "\u8862\u5dde", "province": 56}}, {"model": "location.city", "pk": 896, "fields": {"name": "\u821f\u5c71", "province": 56}}, {"model": "location.city", "pk": 897, "fields": {"name": "\u53f0\u5dde", "province": 56}}, {"model": "location.city", "pk": 898, "fields": {"name": "\u4e3d\u6c34", "province": 56}}, {"model": "location.city", "pk": 899, "fields": {"name": "\u5176\u4ed6", "province": 56}}, {"model": "location.city", "pk": 900, "fields": {"name": "\u798f\u5dde", "province": 57}}, {"model": "location.city", "pk": 901, "fields": {"name": "\u53a6\u95e8", "province": 57}}, {"model": "location.city", "pk": 902, "fields": {"name": "\u8386\u7530", "province": 57}}, {"model": "location.city", "pk": 903, "fields": {"name": "\u4e09\u660e", "province": 57}}, {"model": "location.city", "pk": 904, "fields": {"name": "\u6cc9\u5dde", "province": 57}}, {"model": "location.city", "pk": 905, "fields": {"name": "\u6f33\u5dde", "province": 57}}, {"model": "location.city", "pk": 906, "fields": {"name": "\u5357\u5e73", "province": 57}}, {"model": "location.city", "pk": 907, "fields": {"name": "\u9f99\u5ca9", "province": 57}}, {"model": "location.city", "pk": 908, "fields": {"name": "\u5b81\u5fb7", "province": 57}}, {"model": "location.city", "pk": 909, "fields": {"name": "\u5176\u4ed6", "province": 57}}, {"model": "location.city", "pk": 910, "fields": {"name": "\u957f\u6c99", "province": 58}}, {"model": "location.city", "pk": 911, "fields": {"name": "\u682a\u6d32", "province": 58}}, {"model": "location.city", "pk": 912, "fields": {"name": "\u6e58\u6f6d", "province": 58}}, {"model": "location.city", "pk": 913, "fields": {"name": "\u8861\u9633", "province": 58}}, {"model": "location.city", "pk": 914, "fields": {"name": "\u90b5\u9633", "province": 58}}, {"model": "location.city", "pk": 915, "fields": {"name": "\u5cb3\u9633", "province": 58}}, {"model": "location.city", "pk": 916, "fields": {"name": "\u5e38\u5fb7", "province": 58}}, {"model": "location.city", "pk": 917, "fields": {"name": "\u5f20\u5bb6\u754c", "province": 58}}, {"model": "location.city", "pk": 918, "fields": {"name": "\u76ca\u9633", "province": 58}}, {"model": "location.city", "pk": 919, "fields": {"name": "\u90f4\u5dde", "province": 58}}, {"model": "location.city", "pk": 920, "fields": {"name": "\u6c38\u5dde", "province": 58}}, {"model": "location.city", "pk": 921, "fields": {"name": "\u6000\u5316", "province": 58}}, {"model": "location.city", "pk": 922, "fields": {"name": "\u5a04\u5e95", "province": 58}}, {"model": "location.city", "pk": 923, "fields": {"name": "\u6e58\u897f\u571f\u5bb6\u65cf\u82d7\u65cf\u81ea\u6cbb\u5dde", "province": 58}}, {"model": "location.city", "pk": 924, "fields": {"name": "\u5176\u4ed6", "province": 58}}, {"model": "location.city", "pk": 925, "fields": {"name": "\u5357\u5b81", "province": 59}}, {"model": "location.city", "pk": 926, "fields": {"name": "\u67f3\u5dde", "province": 59}}, {"model": "location.city", "pk": 927, "fields": {"name": "\u6842\u6797", "province": 59}}, {"model": "location.city", "pk": 928, "fields": {"name": "\u68a7\u5dde", "province": 59}}, {"model": "location.city", "pk": 929, "fields": {"name": "\u5317\u6d77", "province": 59}}, {"model": "location.city", "pk": 930, "fields": {"name": "\u9632\u57ce\u6e2f", "province": 59}}, {"model": "location.city", "pk": 931, "fields": {"name": "\u94a6\u5dde", "province": 59}}, {"model": "location.city", "pk": 932, "fields": {"name": "\u8d35\u6e2f", "province": 59}}, {"model": "location.city", "pk": 933, "fields": {"name": "\u7389\u6797", "province": 59}}, {"model": "location.city", "pk": 934, "fields": {"name": "\u767e\u8272", "province": 59}}, {"model": "location.city", "pk": 935, "fields": {"name": "\u8d3a\u5dde", "province": 59}}, {"model": "location.city", "pk": 936, "fields": {"name": "\u6cb3\u6c60", "province": 59}}, {"model": "location.city", "pk": 937, "fields": {"name": "\u6765\u5bbe", "province": 59}}, {"model": "location.city", "pk": 938, "fields": {"name": "\u5d07\u5de6", "province": 59}}, {"model": "location.city", "pk": 939, "fields": {"name": "\u5176\u4ed6", "province": 59}}, {"model": "location.city", "pk": 940, "fields": {"name": "\u5357\u660c", "province": 60}}, {"model": "location.city", "pk": 941, "fields": {"name": "\u666f\u5fb7\u9547", "province": 60}}, {"model": "location.city", "pk": 942, "fields": {"name": "\u840d\u4e61", "province": 60}}, {"model": "location.city", "pk": 943, "fields": {"name": "\u4e5d\u6c5f", "province": 60}}, {"model": "location.city", "pk": 944, "fields": {"name": "\u65b0\u4f59", "province": 60}}, {"model": "location.city", "pk": 945, "fields": {"name": "\u9e70\u6f6d", "province": 60}}, {"model": "location.city", "pk": 946, "fields": {"name": "\u8d63\u5dde", "province": 60}}, {"model": "location.city", "pk": 947, "fields": {"name": "\u5409\u5b89", "province": 60}}, {"model": "location.city", "pk": 948, "fields": {"name": "\u5b9c\u6625", "province": 60}}, {"model": "location.city", "pk": 949, "fields": {"name": "\u629a\u5dde", "province": 60}}, {"model": "location.city", "pk": 950, "fields": {"name": "\u4e0a\u9976", "province": 60}}, {"model": "location.city", "pk": 951, "fields": {"name": "\u5176\u4ed6", "province": 60}}, {"model": "location.city", "pk": 952, "fields": {"name": "\u8d35\u9633", "province": 61}}, {"model": "location.city", "pk": 953, "fields": {"name": "\u516d\u76d8\u6c34", "province": 61}}, {"model": "location.city", "pk": 954, "fields": {"name": "\u9075\u4e49", "province": 61}}, {"model": "location.city", "pk": 955, "fields": {"name": "\u5b89\u987a", "province": 61}}, {"model": "location.city", "pk": 956, "fields": {"name": "\u94dc\u4ec1\u5730\u533a", "province": 61}}, {"model": "location.city", "pk": 957, "fields": {"name": "\u6bd5\u8282\u5730\u533a", "province": 61}}, {"model": "location.city", "pk": 958, "fields": {"name": "\u9ed4\u897f\u5357\u5e03\u4f9d\u65cf\u82d7\u65cf\u81ea\u6cbb\u5dde", "province": 61}}, {"model": "location.city", "pk": 959, "fields": {"name": "\u9ed4\u4e1c\u5357\u82d7\u65cf\u4f97\u65cf\u81ea\u6cbb\u5dde", "province": 61}}, {"model": "location.city", "pk": 960, "fields": {"name": "\u9ed4\u5357\u5e03\u4f9d\u65cf\u82d7\u65cf\u81ea\u6cbb\u5dde", "province": 61}}, {"model": "location.city", "pk": 961, "fields": {"name": "\u5176\u4ed6", "province": 61}}, {"model": "location.city", "pk": 962, "fields": {"name": "\u6606\u660e", "province": 62}}, {"model": "location.city", "pk": 963, "fields": {"name": "\u66f2\u9756", "province": 62}}, {"model": "location.city", "pk": 964, "fields": {"name": "\u7389\u6eaa", "province": 62}}, {"model": "location.city", "pk": 965, "fields": {"name": "\u4fdd\u5c71", "province": 62}}, {"model": "location.city", "pk": 966, "fields": {"name": "\u662d\u901a", "province": 62}}, {"model": "location.city", "pk": 967, "fields": {"name": "\u4e3d\u6c5f", "province": 62}}, {"model": "location.city", "pk": 968, "fields": {"name": "\u666e\u6d31", "province": 62}}, {"model": "location.city", "pk": 969, "fields": {"name": "\u4e34\u6ca7", "province": 62}}, {"model": "location.city", "pk": 970, "fields": {"name": "\u5fb7\u5b8f\u50a3\u65cf\u666f\u9887\u65cf\u81ea\u6cbb\u5dde", "province": 62}}, {"model": "location.city", "pk": 971, "fields": {"name": "\u6012\u6c5f\u5088\u50f3\u65cf\u81ea\u6cbb\u5dde", "province": 62}}, {"model": "location.city", "pk": 972, "fields": {"name": "\u8fea\u5e86\u85cf\u65cf\u81ea\u6cbb\u5dde", "province": 62}}, {"model": "location.city", "pk": 973, "fields": {"name": "\u5927\u7406\u767d\u65cf\u81ea\u6cbb\u5dde", "province": 62}}, {"model": "location.city", "pk": 974, "fields": {"name": "\u695a\u96c4\u5f5d\u65cf\u81ea\u6cbb\u5dde", "province": 62}}, {"model": "location.city", "pk": 975, "fields": {"name": "\u7ea2\u6cb3\u54c8\u5c3c\u65cf\u5f5d\u65cf\u81ea\u6cbb\u5dde", "province": 62}}, {"model": "location.city", "pk": 976, "fields": {"name": "\u6587\u5c71\u58ee\u65cf\u82d7\u65cf\u81ea\u6cbb\u5dde", "province": 62}}, {"model": "location.city", "pk": 977, "fields": {"name": "\u897f\u53cc\u7248\u7eb3\u50a3\u65cf\u81ea\u6cbb\u5dde", "province": 62}}, {"model": "location.city", "pk": 978, "fields": {"name": "\u5176\u4ed6", "province": 62}}, {"model": "location.city", "pk": 979, "fields": {"name": "\u62c9\u8428", "province": 63}}, {"model": "location.city", "pk": 980, "fields": {"name": "\u90a3\u66f2\u5730\u533a", "province": 63}}, {"model": "location.city", "pk": 981, "fields": {"name": "\u660c\u90fd\u5730\u533a", "province": 63}}, {"model": "location.city", "pk": 982, "fields": {"name": "\u6797\u829d\u5730\u533a", "province": 63}}, {"model": "location.city", "pk": 983, "fields": {"name": "\u5c71\u5357\u5730\u533a", "province": 63}}, {"model": "location.city", "pk": 984, "fields": {"name": "\u65e5\u5580\u5219\u5730\u533a", "province": 63}}, {"model": "location.city", "pk": 985, "fields": {"name": "\u963f\u91cc\u5730\u533a", "province": 63}}, {"model": "location.city", "pk": 986, "fields": {"name": "\u5176\u4ed6", "province": 63}}, {"model": "location.city", "pk": 987, "fields": {"name": "\u6d77\u53e3", "province": 64}}, {"model": "location.city", "pk": 988, "fields": {"name": "\u4e09\u4e9a", "province": 64}}, {"model": "location.city", "pk": 989, "fields": {"name": "\u4e94\u6307\u5c71", "province": 64}}, {"model": "location.city", "pk": 990, "fields": {"name": "\u743c\u6d77", "province": 64}}, {"model": "location.city", "pk": 991, "fields": {"name": "\u510b\u5dde", "province": 64}}, {"model": "location.city", "pk": 992, "fields": {"name": "\u6587\u660c", "province": 64}}, {"model": "location.city", "pk": 993, "fields": {"name": "\u4e07\u5b81", "province": 64}}, {"model": "location.city", "pk": 994, "fields": {"name": "\u4e1c\u65b9", "province": 64}}, {"model": "location.city", "pk": 995, "fields": {"name": "\u6f84\u8fc8\u53bf", "province": 64}}, {"model": "location.city", "pk": 996, "fields": {"name": "\u5b9a\u5b89\u53bf", "province": 64}}, {"model": "location.city", "pk": 997, "fields": {"name": "\u5c6f\u660c\u53bf", "province": 64}}, {"model": "location.city", "pk": 998, "fields": {"name": "\u4e34\u9ad8\u53bf", "province": 64}}, {"model": "location.city", "pk": 999, "fields": {"name": "\u767d\u6c99\u9ece\u65cf\u81ea\u6cbb\u53bf", "province": 64}}, {"model": "location.city", "pk": 1000, "fields": {"name": "\u660c\u6c5f\u9ece\u65cf\u81ea\u6cbb\u53bf", "province": 64}}, {"model": "location.city", "pk": 1001, "fields": {"name": "\u4e50\u4e1c\u9ece\u65cf\u81ea\u6cbb\u53bf", "province": 64}}, {"model": "location.city", "pk": 1002, "fields": {"name": "\u9675\u6c34\u9ece\u65cf\u81ea\u6cbb\u53bf", "province": 64}}, {"model": "location.city", "pk": 1003, "fields": {"name": "\u4fdd\u4ead\u9ece\u65cf\u82d7\u65cf\u81ea\u6cbb\u53bf", "province": 64}}, {"model": "location.city", "pk": 1004, "fields": {"name": "\u743c\u4e2d\u9ece\u65cf\u82d7\u65cf\u81ea\u6cbb\u53bf", "province": 64}}, {"model": "location.city", "pk": 1005, "fields": {"name": "\u5176\u4ed6", "province": 64}}, {"model": "location.city", "pk": 1006, "fields": {"name": "\u5170\u5dde", "province": 65}}, {"model": "location.city", "pk": 1007, "fields": {"name": "\u5609\u5cea\u5173", "province": 65}}, {"model": "location.city", "pk": 1008, "fields": {"name": "\u91d1\u660c", "province": 65}}, {"model": "location.city", "pk": 1009, "fields": {"name": "\u767d\u94f6", "province": 65}}, {"model": "location.city", "pk": 1010, "fields": {"name": "\u5929\u6c34", "province": 65}}, {"model": "location.city", "pk": 1011, "fields": {"name": "\u6b66\u5a01", "province": 65}}, {"model": "location.city", "pk": 1012, "fields": {"name": "\u9152\u6cc9", "province": 65}}, {"model": "location.city", "pk": 1013, "fields": {"name": "\u5f20\u6396", "province": 65}}, {"model": "location.city", "pk": 1014, "fields": {"name": "\u5e86\u9633", "province": 65}}, {"model": "location.city", "pk": 1015, "fields": {"name": "\u5e73\u51c9", "province": 65}}, {"model": "location.city", "pk": 1016, "fields": {"name": "\u5b9a\u897f", "province": 65}}, {"model": "location.city", "pk": 1017, "fields": {"name": "\u9647\u5357", "province": 65}}, {"model": "location.city", "pk": 1018, "fields": {"name": "\u4e34\u590f\u56de\u65cf\u81ea\u6cbb\u5dde", "province": 65}}, {"model": "location.city", "pk": 1019, "fields": {"name": "\u7518\u5357\u85cf\u65cf\u81ea\u6cbb\u5dde", "province": 65}}, {"model": "location.city", "pk": 1020, "fields": {"name": "\u5176\u4ed6", "province": 65}}, {"model": "location.city", "pk": 1021, "fields": {"name": "\u94f6\u5ddd", "province": 66}}, {"model": "location.city", "pk": 1022, "fields": {"name": "\u77f3\u5634\u5c71", "province": 66}}, {"model": "location.city", "pk": 1023, "fields": {"name": "\u5434\u5fe0", "province": 66}}, {"model": "location.city", "pk": 1024, "fields": {"name": "\u56fa\u539f", "province": 66}}, {"model": "location.city", "pk": 1025, "fields": {"name": "\u4e2d\u536b", "province": 66}}, {"model": "location.city", "pk": 1026, "fields": {"name": "\u5176\u4ed6", "province": 66}}, {"model": "location.city", "pk": 1027, "fields": {"name": "\u897f\u5b81", "province": 67}}, {"model": "location.city", "pk": 1028, "fields": {"name": "\u6d77\u4e1c\u5730\u533a", "province": 67}}, {"model": "location.city", "pk": 1029, "fields": {"name": "\u6d77\u5317\u85cf\u65cf\u81ea\u6cbb\u5dde", "province": 67}}, {"model": "location.city", "pk": 1030, "fields": {"name": "\u6d77\u5357\u85cf\u65cf\u81ea\u6cbb\u5dde", "province": 67}}, {"model": "location.city", "pk": 1031, "fields": {"name": "\u9ec4\u5357\u85cf\u65cf\u81ea\u6cbb\u5dde", "province": 67}}, {"model": "location.city", "pk": 1032, "fields": {"name": "\u679c\u6d1b\u85cf\u65cf\u81ea\u6cbb\u5dde", "province": 67}}, {"model": "location.city", "pk": 1033, "fields": {"name": "\u7389\u6811\u85cf\u65cf\u81ea\u6cbb\u5dde", "province": 67}}, {"model": "location.city", "pk": 1034, "fields": {"name": "\u6d77\u897f\u8499\u53e4\u65cf\u85cf\u65cf\u81ea\u6cbb\u5dde", "province": 67}}, {"model": "location.city", "pk": 1035, "fields": {"name": "\u5176\u4ed6", "province": 67}}, {"model": "location.city", "pk": 1036, "fields": {"name": "\u4e4c\u9c81\u6728\u9f50", "province": 68}}, {"model": "location.city", "pk": 1037, "fields": {"name": "\u514b\u62c9\u739b\u4f9d", "province": 68}}, {"model": "location.city", "pk": 1038, "fields": {"name": "\u5410\u9c81\u756a\u5730\u533a", "province": 68}}, {"model": "location.city", "pk": 1039, "fields": {"name": "\u54c8\u5bc6\u5730\u533a", "province": 68}}, {"model": "location.city", "pk": 1040, "fields": {"name": "\u548c\u7530\u5730\u533a", "province": 68}}, {"model": "location.city", "pk": 1041, "fields": {"name": "\u963f\u514b\u82cf\u5730\u533a", "province": 68}}, {"model": "location.city", "pk": 1042, "fields": {"name": "\u5580\u4ec0\u5730\u533a", "province": 68}}, {"model": "location.city", "pk": 1043, "fields": {"name": "\u514b\u5b5c\u52d2\u82cf\u67ef\u5c14\u514b\u5b5c\u81ea\u6cbb\u5dde", "province": 68}}, {"model": "location.city", "pk": 1044, "fields": {"name": "\u5df4\u97f3\u90ed\u695e\u8499\u53e4\u81ea\u6cbb\u5dde", "province": 68}}, {"model": "location.city", "pk": 1045, "fields": {"name": "\u660c\u5409\u56de\u65cf\u81ea\u6cbb\u5dde", "province": 68}}, {"model": "location.city", "pk": 1046, "fields": {"name": "\u535a\u5c14\u5854\u62c9\u8499\u53e4\u81ea\u6cbb\u5dde", "province": 68}}, {"model": "location.city", "pk": 1047, "fields": {"name": "\u77f3\u6cb3\u5b50", "province": 68}}, {"model": "location.city", "pk": 1048, "fields": {"name": "\u963f\u62c9\u5c14", "province": 68}}, {"model": "location.city", "pk": 1049, "fields": {"name": "\u56fe\u6728\u8212\u514b", "province": 68}}, {"model": "location.city", "pk": 1050, "fields": {"name": "\u4e94\u5bb6\u6e20", "province": 68}}, {"model": "location.city", "pk": 1051, "fields": {"name": "\u4f0a\u7281\u54c8\u8428\u514b\u81ea\u6cbb\u5dde", "province": 68}}, {"model": "location.city", "pk": 1052, "fields": {"name": "\u5176\u4ed6", "province": 68}}, {"model": "location.city", "pk": 1053, "fields": {"name": "\u4e2d\u897f\u533a", "province": 69}}, {"model": "location.city", "pk": 1054, "fields": {"name": "\u6e7e\u4ed4\u533a", "province": 69}}, {"model": "location.city", "pk": 1055, "fields": {"name": "\u4e1c\u533a", "province": 69}}, {"model": "location.city", "pk": 1056, "fields": {"name": "\u5357\u533a", "province": 69}}, {"model": "location.city", "pk": 1057, "fields": {"name": "\u6df1\u6c34\u57d7\u533a", "province": 69}}, {"model": "location.city", "pk": 1058, "fields": {"name": "\u6cb9\u5c16\u65fa\u533a", "province": 69}}, {"model": "location.city", "pk": 1059, "fields": {"name": "\u4e5d\u9f99\u57ce\u533a", "province": 69}}, {"model": "location.city", "pk": 1060, "fields": {"name": "\u9ec4\u5927\u4ed9\u533a", "province": 69}}, {"model": "location.city", "pk": 1061, "fields": {"name": "\u89c2\u5858\u533a", "province": 69}}, {"model": "location.city", "pk": 1062, "fields": {"name": "\u5317\u533a", "province": 69}}, {"model": "location.city", "pk": 1063, "fields": {"name": "\u5927\u57d4\u533a", "province": 69}}, {"model": "location.city", "pk": 1064, "fields": {"name": "\u6c99\u7530\u533a", "province": 69}}, {"model": "location.city", "pk": 1065, "fields": {"name": "\u897f\u8d21\u533a", "province": 69}}, {"model": "location.city", "pk": 1066, "fields": {"name": "\u5143\u6717\u533a", "province": 69}}, {"model": "location.city", "pk": 1067, "fields": {"name": "\u5c6f\u95e8\u533a", "province": 69}}, {"model": "location.city", "pk": 1068, "fields": {"name": "\u8343\u6e7e\u533a", "province": 69}}, {"model": "location.city", "pk": 1069, "fields": {"name": "\u8475\u9752\u533a", "province": 69}}, {"model": "location.city", "pk": 1070, "fields": {"name": "\u79bb\u5c9b\u533a", "province": 69}}, {"model": "location.city", "pk": 1071, "fields": {"name": "\u5176\u4ed6", "province": 69}}, {"model": "location.city", "pk": 1072, "fields": {"name": "\u82b1\u5730\u739b\u5802\u533a", "province": 70}}, {"model": "location.city", "pk": 1073, "fields": {"name": "\u5723\u5b89\u591a\u5c3c\u5802\u533a", "province": 70}}, {"model": "location.city", "pk": 1074, "fields": {"name": "\u5927\u5802\u533a", "province": 70}}, {"model": "location.city", "pk": 1075, "fields": {"name": "\u671b\u5fb7\u5802\u533a", "province": 70}}, {"model": "location.city", "pk": 1076, "fields": {"name": "\u98ce\u987a\u5802\u533a", "province": 70}}, {"model": "location.city", "pk": 1077, "fields": {"name": "\u5609\u6a21\u5802\u533a", "province": 70}}, {"model": "location.city", "pk": 1078, "fields": {"name": "\u5723\u65b9\u6d4e\u5404\u5802\u533a", "province": 70}}, {"model": "location.city", "pk": 1079, "fields": {"name": "\u8def\u51fc", "province": 70}}, {"model": "location.city", "pk": 1080, "fields": {"name": "\u5176\u4ed6", "province": 70}}, {"model": "location.city", "pk": 1081, "fields": {"name": "\u53f0\u5317\u5e02", "province": 71}}, {"model": "location.city", "pk": 1082, "fields": {"name": "\u9ad8\u96c4\u5e02", "province": 71}}, {"model": "location.city", "pk": 1083, "fields": {"name": "\u53f0\u5317\u53bf", "province": 71}}, {"model": "location.city", "pk": 1084, "fields": {"name": "\u6843\u56ed\u53bf", "province": 71}}, {"model": "location.city", "pk": 1085, "fields": {"name": "\u65b0\u7af9\u53bf", "province": 71}}, {"model": "location.city", "pk": 1086, "fields": {"name": "\u82d7\u6817\u53bf", "province": 71}}, {"model": "location.city", "pk": 1087, "fields": {"name": "\u53f0\u4e2d\u53bf", "province": 71}}, {"model": "location.city", "pk": 1088, "fields": {"name": "\u5f70\u5316\u53bf", "province": 71}}, {"model": "location.city", "pk": 1089, "fields": {"name": "\u5357\u6295\u53bf", "province": 71}}, {"model": "location.city", "pk": 1090, "fields": {"name": "\u4e91\u6797\u53bf", "province": 71}}, {"model": "location.city", "pk": 1091, "fields": {"name": "\u5609\u4e49\u53bf", "province": 71}}, {"model": "location.city", "pk": 1092, "fields": {"name": "\u53f0\u5357\u53bf", "province": 71}}, {"model": "location.city", "pk": 1093, "fields": {"name": "\u9ad8\u96c4\u53bf", "province": 71}}, {"model": "location.city", "pk": 1094, "fields": {"name": "\u5c4f\u4e1c\u53bf", "province": 71}}, {"model": "location.city", "pk": 1095, "fields": {"name": "\u5b9c\u5170\u53bf", "province": 71}}, {"model": "location.city", "pk": 1096, "fields": {"name": "\u82b1\u83b2\u53bf", "province": 71}}, {"model": "location.city", "pk": 1097, "fields": {"name": "\u53f0\u4e1c\u53bf", "province": 71}}, {"model": "location.city", "pk": 1098, "fields": {"name": "\u6f8e\u6e56\u53bf", "province": 71}}, {"model": "location.city", "pk": 1099, "fields": {"name": "\u57fa\u9686\u5e02", "province": 71}}, {"model": "location.city", "pk": 1100, "fields": {"name": "\u65b0\u7af9\u5e02", "province": 71}}, {"model": "location.city", "pk": 1101, "fields": {"name": "\u53f0\u4e2d\u5e02", "province": 71}}, {"model": "location.city", "pk": 1102, "fields": {"name": "\u5609\u4e49\u5e02", "province": 71}}, {"model": "location.city", "pk": 1103, "fields": {"name": "\u53f0\u5357\u5e02", "province": 71}}, {"model": "location.city", "pk": 1104, "fields": {"name": "\u5176\u4ed6", "province": 71}}, {"model": "location.city", "pk": 1105, "fields": {"name": "\u5176\u4ed6", "province": 72}}, {"model": "thumbnail.kvstore", "pk": "sorl-thumbnail||image||02e5ab298150578857d1d0cd7c576636", "fields": {"value": "{\"name\": \"cache/3d/5e/3d5e42e6f394d5ce7c03bde326490b34.jpg\", \"size\": [300, 200], \"storage\": \"django.core.files.storage.FileSystemStorage\"}"}}, {"model": "thumbnail.kvstore", "pk": "sorl-thumbnail||image||07f9da0394fd48485f17d597a4386527", "fields": {"value": "{\"storage\": \"django.core.files.storage.FileSystemStorage\", \"name\": \"cache/4d/bf/4dbf961fd10ba4b0309ecbae8daa135e.jpg\", \"size\": [300, 200]}"}}, {"model": "thumbnail.kvstore", "pk": "sorl-thumbnail||image||1cd7558e2f66520139cb42a755c4a0bd", "fields": {"value": "{\"name\": \"cache/0e/9f/0e9fd5ae5087c241754bb70837e94186.jpg\", \"storage\": \"django.core.files.storage.FileSystemStorage\", \"size\": [1048, 350]}"}}, {"model": "thumbnail.kvstore", "pk": "sorl-thumbnail||image||367bc01471a50ed7d9d942e4837b53c9", "fields": {"value": "{\"name\": \"cache/0e/35/0e356957b375c31f151c91eadff99124.jpg\", \"size\": [490, 367], \"storage\": \"django.core.files.storage.FileSystemStorage\"}"}}, {"model": "thumbnail.kvstore", "pk": "sorl-thumbnail||image||3eb4329df63b169a0b9945403f3ae577", "fields": {"value": "{\"storage\": \"django.core.files.storage.FileSystemStorage\", \"name\": \"cache/de/eb/deebf2d808d9329fcdde3e21a4f4507a.jpg\", \"size\": [65, 65]}"}}, {"model": "thumbnail.kvstore", "pk": "sorl-thumbnail||image||482948c3d046a4f3eac62e88bd0ea810", "fields": {"value": "{\"size\": [436, 393], \"storage\": \"django.core.files.storage.FileSystemStorage\", \"name\": \"foods/cover/2016/06/05/543198769_r9eurv5.jpg\"}"}}, {"model": "thumbnail.kvstore", "pk": "sorl-thumbnail||image||4a0c429f8e6ad2c43ddcdbb2d223f048", "fields": {"value": "{\"name\": \"cache/aa/59/aa59a51567a07379fe4fef58513bce9d.jpg\", \"size\": [300, 200], \"storage\": \"django.core.files.storage.FileSystemStorage\"}"}}, {"model": "thumbnail.kvstore", "pk": "sorl-thumbnail||image||4a4088f5a85598f1e87cc254c6d6a3c5", "fields": {"value": "{\"storage\": \"django.core.files.storage.FileSystemStorage\", \"name\": \"cache/70/08/700890c160c23fbe55b81af05cdff76d.jpg\", \"size\": [300, 300]}"}}, {"model": "thumbnail.kvstore", "pk": "sorl-thumbnail||image||52bba83a1e3361288f825cac266b053f", "fields": {"value": "{\"storage\": \"django.core.files.storage.FileSystemStorage\", \"name\": \"users/avatar/2016/06/04/avatar.png\", \"size\": [640, 640]}"}}, {"model": "thumbnail.kvstore", "pk": "sorl-thumbnail||image||5a4cbaa5beb28fa0855f6d637ca48d07", "fields": {"value": "{\"name\": \"cache/2a/95/2a95bc9e92a1bb2abb8465efb383a00c.jpg\", \"storage\": \"django.core.files.storage.FileSystemStorage\", \"size\": [393, 188]}"}}, {"model": "thumbnail.kvstore", "pk": "sorl-thumbnail||image||5d8b20d9fd4371f1fdcb5039c11ad7e3", "fields": {"value": "{\"name\": \"foods/cover/2016/05/25/food3.jpg\", \"size\": [900, 900], \"storage\": \"django.core.files.storage.FileSystemStorage\"}"}}, {"model": "thumbnail.kvstore", "pk": "sorl-thumbnail||image||62c3a5ca88350f20edf3fd467a44d064", "fields": {"value": "{\"storage\": \"django.core.files.storage.FileSystemStorage\", \"size\": [490, 367], \"name\": \"cache/fa/cb/facb22872d24e58db5ca6c6b69269cdd.jpg\"}"}}, {"model": "thumbnail.kvstore", "pk": "sorl-thumbnail||image||671f02ea22894c37af933cf88992b7c3", "fields": {"value": "{\"name\": \"foods/cover/2016/05/28/b219ebc4b74543a941fbf6af1c178a82b80114f4.jpg\", \"size\": [268, 201], \"storage\": \"django.core.files.storage.FileSystemStorage\"}"}}, {"model": "thumbnail.kvstore", "pk": "sorl-thumbnail||image||6cd6dfc25cc0fe709c8d2f186fd9b6bb", "fields": {"value": "{\"name\": \"foods/cover/2016/06/05/543198769_YloxsaV.jpg\", \"size\": [436, 393], \"storage\": \"django.core.files.storage.FileSystemStorage\"}"}}, {"model": "thumbnail.kvstore", "pk": "sorl-thumbnail||image||72894daeb9c49949c289deff32d7cc21", "fields": {"value": "{\"name\": \"cache/57/ea/57ea8394398cb375b9eb39181c1c2fb9.jpg\", \"size\": [490, 367], \"storage\": \"django.core.files.storage.FileSystemStorage\"}"}}, {"model": "thumbnail.kvstore", "pk": "sorl-thumbnail||image||76fa0d768e54fb6f4b43ce0d0386633b", "fields": {"value": "{\"name\": \"cache/69/c8/69c834a00be1a190b360d2e1a5104c81.jpg\", \"size\": [200, 200], \"storage\": \"django.core.files.storage.FileSystemStorage\"}"}}, {"model": "thumbnail.kvstore", "pk": "sorl-thumbnail||image||7c124b5fcc27a9c91bcfe415bc6b273c", "fields": {"value": "{\"storage\": \"django.core.files.storage.FileSystemStorage\", \"size\": [20, 20], \"name\": \"cache/da/6a/da6a6363612d0a90fd6aa071281f9b60.jpg\"}"}}, {"model": "thumbnail.kvstore", "pk": "sorl-thumbnail||image||8572f82bb78f822414150fb3a6e3f3b0", "fields": {"value": "{\"size\": [300, 200], \"storage\": \"django.core.files.storage.FileSystemStorage\", \"name\": \"cache/74/b0/74b098dd53b0b05ca6faac60cb3dcbb6.jpg\"}"}}, {"model": "thumbnail.kvstore", "pk": "sorl-thumbnail||image||883a0d1787d440fa7181a41381a7c58a", "fields": {"value": "{\"size\": [490, 367], \"name\": \"cache/f9/f1/f9f1a8adb2a51f18dd1efcc49f17ecb8.jpg\", \"storage\": \"django.core.files.storage.FileSystemStorage\"}"}}, {"model": "thumbnail.kvstore", "pk": "sorl-thumbnail||image||94459c9218a91be29cb0bd5973f46beb", "fields": {"value": "{\"size\": [490, 367], \"name\": \"cache/6a/47/6a474beda343a724939a72b5dca05aa0.jpg\", \"storage\": \"django.core.files.storage.FileSystemStorage\"}"}}, {"model": "thumbnail.kvstore", "pk": "sorl-thumbnail||image||96ce0f55325f21c9ea61100ceb77db76", "fields": {"value": "{\"name\": \"cache/e0/52/e0528d9879ecb13a6757be825f26f306.jpg\", \"size\": [300, 200], \"storage\": \"django.core.files.storage.FileSystemStorage\"}"}}, {"model": "thumbnail.kvstore", "pk": "sorl-thumbnail||image||96f6e81129e279042a603b2d8d081f02", "fields": {"value": "{\"storage\": \"django.core.files.storage.FileSystemStorage\", \"size\": [800, 533], \"name\": \"foods/cover/2016/06/05/boluobao.jpg\"}"}}, {"model": "thumbnail.kvstore", "pk": "sorl-thumbnail||image||980e5e6273ca3d1f17059e93673c886e", "fields": {"value": "{\"storage\": \"django.core.files.storage.FileSystemStorage\", \"size\": [490, 367], \"name\": \"cache/c5/f8/c5f8d4297de18fc4a2b70fe2ab92d39e.jpg\"}"}}, {"model": "thumbnail.kvstore", "pk": "sorl-thumbnail||image||a365f1d5ab506c835244cf2d3c3f00bc", "fields": {"value": "{\"name\": \"cache/38/57/3857eb185e17c4c4c80b10d1c573cd6f.jpg\", \"size\": [490, 367], \"storage\": \"django.core.files.storage.FileSystemStorage\"}"}}, {"model": "thumbnail.kvstore", "pk": "sorl-thumbnail||image||a410a6ac421d0f70c7d45cb09f860da6", "fields": {"value": "{\"name\": \"topic/cover/2016/05/25/topic5.jpg\", \"storage\": \"django.core.files.storage.FileSystemStorage\", \"size\": [600, 270]}"}}, {"model": "thumbnail.kvstore", "pk": "sorl-thumbnail||image||b350b763258fe9ff8ae425446702e715", "fields": {"value": "{\"storage\": \"django.core.files.storage.FileSystemStorage\", \"size\": [20, 20], \"name\": \"cache/ba/9a/ba9a8347cf2cf76131439915168c7302.jpg\"}"}}, {"model": "thumbnail.kvstore", "pk": "sorl-thumbnail||image||b69de8ecf30741f292d267607022744e", "fields": {"value": "{\"name\": \"cache/58/d9/58d95a5917d42a0a7e85fb6b007e93ee.jpg\", \"size\": [300, 200], \"storage\": \"django.core.files.storage.FileSystemStorage\"}"}}, {"model": "thumbnail.kvstore", "pk": "sorl-thumbnail||image||b9127b4aa21abcc5b40a9b8021cb725d", "fields": {"value": "{\"storage\": \"django.core.files.storage.FileSystemStorage\", \"size\": [490, 367], \"name\": \"cache/26/e5/26e58558b4f30fd3608eea3b625255a2.jpg\"}"}}, {"model": "thumbnail.kvstore", "pk": "sorl-thumbnail||image||c114bcafa98c36d6445e95b74c3c7dd5", "fields": {"value": "{\"storage\": \"django.core.files.storage.FileSystemStorage\", \"size\": [436, 393], \"name\": \"foods/cover/2016/06/05/543198769.jpg\"}"}}, {"model": "thumbnail.kvstore", "pk": "sorl-thumbnail||image||c3497c4ba800ce4afd944d5d27b83e6c", "fields": {"value": "{\"name\": \"cache/7d/37/7d372859d9202485c95f6782d118148a.jpg\", \"size\": [200, 200], \"storage\": \"django.core.files.storage.FileSystemStorage\"}"}}, {"model": "thumbnail.kvstore", "pk": "sorl-thumbnail||image||c8da9ad61e77e1feca52580918a18f39", "fields": {"value": "{\"storage\": \"django.core.files.storage.FileSystemStorage\", \"size\": [436, 393], \"name\": \"foods/cover/2016/06/05/543198769_z9W188q.jpg\"}"}}, {"model": "thumbnail.kvstore", "pk": "sorl-thumbnail||image||cbe72531626e6becacae3e6dc9241a9c", "fields": {"value": "{\"storage\": \"django.core.files.storage.FileSystemStorage\", \"name\": \"cache/6f/4d/6f4d7d3d9c28a4dfa5d58d908c3a4d38.jpg\", \"size\": [100, 100]}"}}, {"model": "thumbnail.kvstore", "pk": "sorl-thumbnail||image||d7bd60a15c3637b1e102a6307a74d230", "fields": {"value": "{\"size\": [490, 367], \"storage\": \"django.core.files.storage.FileSystemStorage\", \"name\": \"cache/6d/50/6d50de93c73b2f41f09b409c75e44277.jpg\"}"}}, {"model": "thumbnail.kvstore", "pk": "sorl-thumbnail||image||db81e61fee881858e246436608ea38d0", "fields": {"value": "{\"storage\": \"django.core.files.storage.FileSystemStorage\", \"name\": \"cache/b0/17/b017c6a13ffcf20d25e119f44543da24.jpg\", \"size\": [300, 300]}"}}, {"model": "thumbnail.kvstore", "pk": "sorl-thumbnail||image||e5b1caba191c62e0a25cfd9f5481d367", "fields": {"value": "{\"size\": [436, 393], \"name\": \"foods/cover/2016/06/01/543198769_z2kyfID.jpg\", \"storage\": \"django.core.files.storage.FileSystemStorage\"}"}}, {"model": "thumbnail.kvstore", "pk": "sorl-thumbnail||image||f71da94a57ae9721ab9641ef9772b1fe", "fields": {"value": "{\"storage\": \"django.core.files.storage.FileSystemStorage\", \"name\": \"cache/e2/f8/e2f80c38dd496f65d41964304e32de63.jpg\", \"size\": [50, 50]}"}}, {"model": "thumbnail.kvstore", "pk": "sorl-thumbnail||thumbnails||482948c3d046a4f3eac62e88bd0ea810", "fields": {"value": "[\"d7bd60a15c3637b1e102a6307a74d230\"]"}}, {"model": "thumbnail.kvstore", "pk": "sorl-thumbnail||thumbnails||52bba83a1e3361288f825cac266b053f", "fields": {"value": "[\"db81e61fee881858e246436608ea38d0\"]"}}, {"model": "thumbnail.kvstore", "pk": "sorl-thumbnail||thumbnails||5d8b20d9fd4371f1fdcb5039c11ad7e3", "fields": {"value": "[\"c3497c4ba800ce4afd944d5d27b83e6c\"]"}}, {"model": "thumbnail.kvstore", "pk": "sorl-thumbnail||thumbnails||671f02ea22894c37af933cf88992b7c3", "fields": {"value": "[\"76fa0d768e54fb6f4b43ce0d0386633b\"]"}}, {"model": "thumbnail.kvstore", "pk": "sorl-thumbnail||thumbnails||6cd6dfc25cc0fe709c8d2f186fd9b6bb", "fields": {"value": "[\"4a0c429f8e6ad2c43ddcdbb2d223f048\"]"}}, {"model": "thumbnail.kvstore", "pk": "sorl-thumbnail||thumbnails||96f6e81129e279042a603b2d8d081f02", "fields": {"value": "[\"62c3a5ca88350f20edf3fd467a44d064\"]"}}, {"model": "thumbnail.kvstore", "pk": "sorl-thumbnail||thumbnails||a410a6ac421d0f70c7d45cb09f860da6", "fields": {"value": "[\"5a4cbaa5beb28fa0855f6d637ca48d07\"]"}}, {"model": "thumbnail.kvstore", "pk": "sorl-thumbnail||thumbnails||c114bcafa98c36d6445e95b74c3c7dd5", "fields": {"value": "[\"980e5e6273ca3d1f17059e93673c886e\"]"}}, {"model": "thumbnail.kvstore", "pk": "sorl-thumbnail||thumbnails||c8da9ad61e77e1feca52580918a18f39", "fields": {"value": "[\"b9127b4aa21abcc5b40a9b8021cb725d\"]"}}, {"model": "thumbnail.kvstore", "pk": "sorl-thumbnail||thumbnails||e5b1caba191c62e0a25cfd9f5481d367", "fields": {"value": "[\"883a0d1787d440fa7181a41381a7c58a\"]"}}, {"model": "taggit.tag", "pk": 1, "fields": {"name": "\u86cb\u7cd5", "slug": ""}}, {"model": "taggit.tag", "pk": 3, "fields": {"name": "\u6c34\u679c", "slug": "_1"}}, {"model": "taggit.tag", "pk": 5, "fields": {"name": "\u5305", "slug": "_2"}}, {"model": "taggit.tag", "pk": 7, "fields": {"name": "\u83e0\u841d", "slug": "_3"}}, {"model": "taggit.tag", "pk": 8, "fields": {"name": "1", "slug": "1"}}, {"model": "taggit.tag", "pk": 9, "fields": {"name": "3", "slug": "3"}}, {"model": "taggit.tag", "pk": 10, "fields": {"name": "2", "slug": "2"}}, {"model": "taggit.taggeditem", "pk": 1, "fields": {"tag": 1, "content_type": 14, "object_id": 2}}, {"model": "taggit.taggeditem", "pk": 3, "fields": {"tag": 3, "content_type": 14, "object_id": 3}}, {"model": "auth.permission", "pk": 1, "fields": {"name": "Can add log entry", "content_type": 1, "codename": "add_logentry"}}, {"model": "auth.permission", "pk": 2, "fields": {"name": "Can change log entry", "content_type": 1, "codename": "change_logentry"}}, {"model": "auth.permission", "pk": 3, "fields": {"name": "Can delete log entry", "content_type": 1, "codename": "delete_logentry"}}, {"model": "auth.permission", "pk": 4, "fields": {"name": "Can add permission", "content_type": 2, "codename": "add_permission"}}, {"model": "auth.permission", "pk": 5, "fields": {"name": "Can change permission", "content_type": 2, "codename": "change_permission"}}, {"model": "auth.permission", "pk": 6, "fields": {"name": "Can delete permission", "content_type": 2, "codename": "delete_permission"}}, {"model": "auth.permission", "pk": 7, "fields": {"name": "Can add group", "content_type": 3, "codename": "add_group"}}, {"model": "auth.permission", "pk": 8, "fields": {"name": "Can change group", "content_type": 3, "codename": "change_group"}}, {"model": "auth.permission", "pk": 9, "fields": {"name": "Can delete group", "content_type": 3, "codename": "delete_group"}}, {"model": "auth.permission", "pk": 10, "fields": {"name": "Can add content type", "content_type": 4, "codename": "add_contenttype"}}, {"model": "auth.permission", "pk": 11, "fields": {"name": "Can change content type", "content_type": 4, "codename": "change_contenttype"}}, {"model": "auth.permission", "pk": 12, "fields": {"name": "Can delete content type", "content_type": 4, "codename": "delete_contenttype"}}, {"model": "auth.permission", "pk": 13, "fields": {"name": "Can add session", "content_type": 5, "codename": "add_session"}}, {"model": "auth.permission", "pk": 14, "fields": {"name": "Can change session", "content_type": 5, "codename": "change_session"}}, {"model": "auth.permission", "pk": 15, "fields": {"name": "Can delete session", "content_type": 5, "codename": "delete_session"}}, {"model": "auth.permission", "pk": 16, "fields": {"name": "Can add user", "content_type": 6, "codename": "add_user"}}, {"model": "auth.permission", "pk": 17, "fields": {"name": "Can change user", "content_type": 6, "codename": "change_user"}}, {"model": "auth.permission", "pk": 18, "fields": {"name": "Can delete user", "content_type": 6, "codename": "delete_user"}}, {"model": "auth.permission", "pk": 19, "fields": {"name": "Can add \u7528\u6237\u8bbe\u7f6e", "content_type": 7, "codename": "add_usersetting"}}, {"model": "auth.permission", "pk": 20, "fields": {"name": "Can change \u7528\u6237\u8bbe\u7f6e", "content_type": 7, "codename": "change_usersetting"}}, {"model": "auth.permission", "pk": 21, "fields": {"name": "Can delete \u7528\u6237\u8bbe\u7f6e", "content_type": 7, "codename": "delete_usersetting"}}, {"model": "auth.permission", "pk": 22, "fields": {"name": "Can add \u7528\u6237\u6863\u6848", "content_type": 8, "codename": "add_userprofile"}}, {"model": "auth.permission", "pk": 23, "fields": {"name": "Can change \u7528\u6237\u6863\u6848", "content_type": 8, "codename": "change_userprofile"}}, {"model": "auth.permission", "pk": 24, "fields": {"name": "Can delete \u7528\u6237\u6863\u6848", "content_type": 8, "codename": "delete_userprofile"}}, {"model": "auth.permission", "pk": 25, "fields": {"name": "Can add \u7701\u4efd", "content_type": 9, "codename": "add_province"}}, {"model": "auth.permission", "pk": 26, "fields": {"name": "Can change \u7701\u4efd", "content_type": 9, "codename": "change_province"}}, {"model": "auth.permission", "pk": 27, "fields": {"name": "Can delete \u7701\u4efd", "content_type": 9, "codename": "delete_province"}}, {"model": "auth.permission", "pk": 28, "fields": {"name": "Can add \u57ce\u5e02", "content_type": 10, "codename": "add_city"}}, {"model": "auth.permission", "pk": 29, "fields": {"name": "Can change \u57ce\u5e02", "content_type": 10, "codename": "change_city"}}, {"model": "auth.permission", "pk": 30, "fields": {"name": "Can delete \u57ce\u5e02", "content_type": 10, "codename": "delete_city"}}, {"model": "auth.permission", "pk": 31, "fields": {"name": "Can add \u6d3b\u52a8", "content_type": 11, "codename": "add_action"}}, {"model": "auth.permission", "pk": 32, "fields": {"name": "Can change \u6d3b\u52a8", "content_type": 11, "codename": "change_action"}}, {"model": "auth.permission", "pk": 33, "fields": {"name": "Can delete \u6d3b\u52a8", "content_type": 11, "codename": "delete_action"}}, {"model": "auth.permission", "pk": 37, "fields": {"name": "Can add \u7f8e\u98df\u5206\u7c7b", "content_type": 13, "codename": "add_foodcategory"}}, {"model": "auth.permission", "pk": 38, "fields": {"name": "Can change \u7f8e\u98df\u5206\u7c7b", "content_type": 13, "codename": "change_foodcategory"}}, {"model": "auth.permission", "pk": 39, "fields": {"name": "Can delete \u7f8e\u98df\u5206\u7c7b", "content_type": 13, "codename": "delete_foodcategory"}}, {"model": "auth.permission", "pk": 40, "fields": {"name": "Can add \u7f8e\u98df", "content_type": 14, "codename": "add_food"}}, {"model": "auth.permission", "pk": 41, "fields": {"name": "Can change \u7f8e\u98df", "content_type": 14, "codename": "change_food"}}, {"model": "auth.permission", "pk": 42, "fields": {"name": "Can delete \u7f8e\u98df", "content_type": 14, "codename": "delete_food"}}, {"model": "auth.permission", "pk": 43, "fields": {"name": "Can add place", "content_type": 15, "codename": "add_place"}}, {"model": "auth.permission", "pk": 44, "fields": {"name": "Can change place", "content_type": 15, "codename": "change_place"}}, {"model": "auth.permission", "pk": 45, "fields": {"name": "Can delete place", "content_type": 15, "codename": "delete_place"}}, {"model": "auth.permission", "pk": 46, "fields": {"name": "Can add Tag", "content_type": 16, "codename": "add_tag"}}, {"model": "auth.permission", "pk": 47, "fields": {"name": "Can change Tag", "content_type": 16, "codename": "change_tag"}}, {"model": "auth.permission", "pk": 48, "fields": {"name": "Can delete Tag", "content_type": 16, "codename": "delete_tag"}}, {"model": "auth.permission", "pk": 49, "fields": {"name": "Can add Tagged Item", "content_type": 17, "codename": "add_taggeditem"}}, {"model": "auth.permission", "pk": 50, "fields": {"name": "Can change Tagged Item", "content_type": 17, "codename": "change_taggeditem"}}, {"model": "auth.permission", "pk": 51, "fields": {"name": "Can delete Tagged Item", "content_type": 17, "codename": "delete_taggeditem"}}, {"model": "auth.permission", "pk": 52, "fields": {"name": "Can add \u7f8e\u98df\u4e13\u9898", "content_type": 18, "codename": "add_foodtopic"}}, {"model": "auth.permission", "pk": 53, "fields": {"name": "Can change \u7f8e\u98df\u4e13\u9898", "content_type": 18, "codename": "change_foodtopic"}}, {"model": "auth.permission", "pk": 54, "fields": {"name": "Can delete \u7f8e\u98df\u4e13\u9898", "content_type": 18, "codename": "delete_foodtopic"}}, {"model": "auth.permission", "pk": 55, "fields": {"name": "Can add \u535a\u5ba2", "content_type": 19, "codename": "add_post"}}, {"model": "auth.permission", "pk": 56, "fields": {"name": "Can change \u535a\u5ba2", "content_type": 19, "codename": "change_post"}}, {"model": "auth.permission", "pk": 57, "fields": {"name": "Can delete \u535a\u5ba2", "content_type": 19, "codename": "delete_post"}}, {"model": "auth.permission", "pk": 58, "fields": {"name": "Can add \u7f8e\u98df\u8bc4\u8bba", "content_type": 20, "codename": "add_foodcomment"}}, {"model": "auth.permission", "pk": 59, "fields": {"name": "Can change \u7f8e\u98df\u8bc4\u8bba", "content_type": 20, "codename": "change_foodcomment"}}, {"model": "auth.permission", "pk": 60, "fields": {"name": "Can delete \u7f8e\u98df\u8bc4\u8bba", "content_type": 20, "codename": "delete_foodcomment"}}, {"model": "auth.permission", "pk": 61, "fields": {"name": "Can add \u4e13\u9898\u8bc4\u8bba", "content_type": 21, "codename": "add_topiccomment"}}, {"model": "auth.permission", "pk": 62, "fields": {"name": "Can change \u4e13\u9898\u8bc4\u8bba", "content_type": 21, "codename": "change_topiccomment"}}, {"model": "auth.permission", "pk": 63, "fields": {"name": "Can delete \u4e13\u9898\u8bc4\u8bba", "content_type": 21, "codename": "delete_topiccomment"}}, {"model": "auth.permission", "pk": 64, "fields": {"name": "Can add \u5e16\u5b50\u8bc4\u8bba", "content_type": 22, "codename": "add_postcomment"}}, {"model": "auth.permission", "pk": 65, "fields": {"name": "Can change \u5e16\u5b50\u8bc4\u8bba", "content_type": 22, "codename": "change_postcomment"}}, {"model": "auth.permission", "pk": 66, "fields": {"name": "Can delete \u5e16\u5b50\u8bc4\u8bba", "content_type": 22, "codename": "delete_postcomment"}}, {"model": "auth.permission", "pk": 67, "fields": {"name": "Can add task state", "content_type": 23, "codename": "add_taskmeta"}}, {"model": "auth.permission", "pk": 68, "fields": {"name": "Can change task state", "content_type": 23, "codename": "change_taskmeta"}}, {"model": "auth.permission", "pk": 69, "fields": {"name": "Can delete task state", "content_type": 23, "codename": "delete_taskmeta"}}, {"model": "auth.permission", "pk": 70, "fields": {"name": "Can add saved group result", "content_type": 24, "codename": "add_tasksetmeta"}}, {"model": "auth.permission", "pk": 71, "fields": {"name": "Can change saved group result", "content_type": 24, "codename": "change_tasksetmeta"}}, {"model": "auth.permission", "pk": 72, "fields": {"name": "Can delete saved group result", "content_type": 24, "codename": "delete_tasksetmeta"}}, {"model": "auth.permission", "pk": 73, "fields": {"name": "Can add interval", "content_type": 25, "codename": "add_intervalschedule"}}, {"model": "auth.permission", "pk": 74, "fields": {"name": "Can change interval", "content_type": 25, "codename": "change_intervalschedule"}}, {"model": "auth.permission", "pk": 75, "fields": {"name": "Can delete interval", "content_type": 25, "codename": "delete_intervalschedule"}}, {"model": "auth.permission", "pk": 76, "fields": {"name": "Can add crontab", "content_type": 26, "codename": "add_crontabschedule"}}, {"model": "auth.permission", "pk": 77, "fields": {"name": "Can change crontab", "content_type": 26, "codename": "change_crontabschedule"}}, {"model": "auth.permission", "pk": 78, "fields": {"name": "Can delete crontab", "content_type": 26, "codename": "delete_crontabschedule"}}, {"model": "auth.permission", "pk": 79, "fields": {"name": "Can add periodic tasks", "content_type": 27, "codename": "add_periodictasks"}}, {"model": "auth.permission", "pk": 80, "fields": {"name": "Can change periodic tasks", "content_type": 27, "codename": "change_periodictasks"}}, {"model": "auth.permission", "pk": 81, "fields": {"name": "Can delete periodic tasks", "content_type": 27, "codename": "delete_periodictasks"}}, {"model": "auth.permission", "pk": 82, "fields": {"name": "Can add periodic task", "content_type": 28, "codename": "add_periodictask"}}, {"model": "auth.permission", "pk": 83, "fields": {"name": "Can change periodic task", "content_type": 28, "codename": "change_periodictask"}}, {"model": "auth.permission", "pk": 84, "fields": {"name": "Can delete periodic task", "content_type": 28, "codename": "delete_periodictask"}}, {"model": "auth.permission", "pk": 85, "fields": {"name": "Can add worker", "content_type": 29, "codename": "add_workerstate"}}, {"model": "auth.permission", "pk": 86, "fields": {"name": "Can change worker", "content_type": 29, "codename": "change_workerstate"}}, {"model": "auth.permission", "pk": 87, "fields": {"name": "Can delete worker", "content_type": 29, "codename": "delete_workerstate"}}, {"model": "auth.permission", "pk": 88, "fields": {"name": "Can add task", "content_type": 30, "codename": "add_taskstate"}}, {"model": "auth.permission", "pk": 89, "fields": {"name": "Can change task", "content_type": 30, "codename": "change_taskstate"}}, {"model": "auth.permission", "pk": 90, "fields": {"name": "Can delete task", "content_type": 30, "codename": "delete_taskstate"}}, {"model": "auth.permission", "pk": 91, "fields": {"name": "Can add vote", "content_type": 31, "codename": "add_vote"}}, {"model": "auth.permission", "pk": 92, "fields": {"name": "Can change vote", "content_type": 31, "codename": "change_vote"}}, {"model": "auth.permission", "pk": 93, "fields": {"name": "Can delete vote", "content_type": 31, "codename": "delete_vote"}}, {"model": "auth.permission", "pk": 94, "fields": {"name": "Can add kv store", "content_type": 32, "codename": "add_kvstore"}}, {"model": "auth.permission", "pk": 95, "fields": {"name": "Can change kv store", "content_type": 32, "codename": "change_kvstore"}}, {"model": "auth.permission", "pk": 96, "fields": {"name": "Can delete kv store", "content_type": 32, "codename": "delete_kvstore"}}, {"model": "user.user", "pk": 1, "fields": {"password": "pbkdf2_sha256$24000$6sXwxKWrJ393$XTOLIr57K1fGEhjp2n6PsetCmAH7Cjmc9DkEHncOM/4=", "last_login": "2016-06-06T02:27:09Z", "is_superuser": true, "username": "lwt", "first_name": "", "last_name": "", "email": "mrlwt@qq.com", "is_staff": true, "is_active": true, "date_joined": "2016-05-08T12:56:00Z", "groups": [], "user_permissions": [], "following": [2]}}, {"model": "user.user", "pk": 2, "fields": {"password": "pbkdf2_sha256$24000$tTguHqsFixOq$dSUPkCs88vGHyazQ5dYydIewB9jZkpH48rFjyHIG0zQ=", "last_login": null, "is_superuser": false, "username": "yummy", "first_name": "", "last_name": "", "email": "", "is_staff": false, "is_active": true, "date_joined": "2016-05-25T12:03:54Z", "groups": [], "user_permissions": [], "following": []}}, {"model": "user.usersetting", "pk": 1, "fields": {"user": 1, "background_img": ""}}, {"model": "user.usersetting", "pk": 2, "fields": {"user": 2, "background_img": ""}}, {"model": "user.userprofile", "pk": 1, "fields": {"user": 1, "location": 592, "introduction": "\u4e00\u53e5\u8bdd\u7b80\u4ecb", "gender": "m", "date_of_birth": "1994-08-17", "avatar": "users/avatar/2016/06/04/avatar.png"}}, {"model": "user.userprofile", "pk": 2, "fields": {"user": 2, "location": null, "introduction": "", "gender": null, "date_of_birth": null, "avatar": ""}}, {"model": "updown.vote", "pk": 1, "fields": {"content_type": 14, "object_id": 1, "key": "2c5504ab9a86164db22a92dc8793843d", "score": -1, "user": 1, "ip_address": "127.0.0.1", "date_added": "2016-05-22T14:00:45Z", "date_changed": "2016-05-22T14:01:36Z"}}, {"model": "updown.vote", "pk": 2, "fields": {"content_type": 14, "object_id": 4, "key": "2c5504ab9a86164db22a92dc8793843d", "score": 1, "user": 1, "ip_address": "127.0.0.1", "date_added": "2016-06-04T02:26:27Z", "date_changed": "2016-06-06T02:56:51Z"}}, {"model": "updown.vote", "pk": 3, "fields": {"content_type": 14, "object_id": 2, "key": "2c5504ab9a86164db22a92dc8793843d", "score": -1, "user": 1, "ip_address": "127.0.0.1", "date_added": "2016-06-05T03:03:01Z", "date_changed": "2016-06-05T03:03:04Z"}}, {"model": "updown.vote", "pk": 4, "fields": {"content_type": 14, "object_id": 3, "key": "2c5504ab9a86164db22a92dc8793843d", "score": 1, "user": 1, "ip_address": "127.0.0.1", "date_added": "2016-06-05T09:16:29Z", "date_changed": "2016-06-05T09:48:06Z"}}, {"model": "topic.foodtopic", "pk": 1, "fields": {"title": "\u597d\u5403\u5230\u7206\u70b8\uff01\u4e0d\u5403\u540e\u6094\u768410\u6b3e\u5de7\u514b\u529b", "cover_image": "topic/cover/2016/05/25/topic5.jpg", "description": "\u70b9\u8fdb\u6765\u4f60\u5c31\u77e5\u9053\u4e86", "total_collects": 1, "users_collect": [1, 2], "foods": [2]}}, {"model": "food.food", "pk": 2, "fields": {"title": "\u82cf\u683c\u683c\u5df4\u767b\u5df4\u767b\u5c0f\u86cb\u7cd5", "description": "\u539f\u5473\u76f8\u8f83\u4e8e\u70ad\u70e7\u53e3\u5473\u800c\u8a00\u751c\u5ea6\u4f1a\u66f4\u9ad8\u4e00\u70b9 \u540c\u6837\u7684\u6ca1\u6709\u90a3\u4e48\u4e2d\u7684\u5976\u7cbe\u5473 \u8336\u5305\u5f0f\u53ef\u56de\u51b2 \u4e00\u5e26\u559d\u4e2a\u4e24\u6b21\u6ca1\u6709\u592a\u5927\u95ee\u9898 \u53ef\u80fd\u662f\u559d\u9999\u98d8\u98d8\u4f18\u4e50\u7f8e\u559d\u591a\u4e86\uff0c\u603b\u89c9\u5f97\u8fd9\u4e2a\u4e0d\u662f\u90a3\u4e48\u7684\u5408\u53e3\u5473 \u5bf9\uff01\u5c31\u662f\u4e0d\u591f\u751c\uff01???", "cover_image": "foods/cover/2016/05/25/food3.jpg", "link": "", "category": 4, "user": 2, "created": "2016-05-25T12:16:37Z", "rating_likes": 0, "rating_dislikes": 1, "users_wta": [1], "users_ate": []}}, {"model": "food.food", "pk": 3, "fields": {"title": "\u83e0\u841d", "description": "\u83e0\u841d\uff08\u5b66\u540d\uff1aAnanas comosus\uff09\u4e3a\u51e4\u68a8\u4fd7\u79f0\uff0c\u662f\u8457\u540d\u70ed\u5e26\u6c34\u679c\u4e4b\u4e00\u3002\u798f\u5efa\u548c\u53f0\u6e7e\u5730\u533a\u79f0\u4e4b\u4e3a\u65fa\u68a8\u6216\u8005\u65fa\u6765\uff08\u00f4ng-l\u00e2i\uff09\uff0c\u65b0\u9a6c\u4e00\u5e26\u79f0\u4e3a\u9ec4\u68a8\uff0c\u5927\u9646\u53ca\u9999\u6e2f\u79f0\u4f5c\u83e0\u841d\u3002\u670970\u591a\u4e2a\u54c1\u79cd\uff0c\u5cad\u5357\u56db\u5927\u540d\u679c\u4e4b\u4e00\u3002", "cover_image": "foods/cover/2016/05/28/b219ebc4b74543a941fbf6af1c178a82b80114f4.jpg", "link": "", "category": 8, "user": 2, "created": "2016-05-28T02:37:23Z", "rating_likes": 1, "rating_dislikes": 0, "users_wta": [1, 2], "users_ate": [1, 2]}}, {"model": "food.food", "pk": 4, "fields": {"title": "\u83e0\u841d\u5305", "description": "\u83e0\u841d\u5305\uff0c\u662f\u6e90\u81ea\u9999\u6e2f\u7684\u4e00\u79cd\u751c\u5473\u9762\u5305\uff0c\u636e\u8bf4\u662f\u56e0\u4e3a\u83e0\u841d\u5305\u7ecf\u70d8\u7119\u8fc7\u540e\u8868\u9762\u91d1\u9ec4\u8272\u3001\u51f9\u51f8\u7684\u8106\u76ae\u72b6\u4f3c\u83e0\u841d\u56e0\u800c\u5f97\u540d\uff0c\u6709\u597d\u591a\u79cd\u5212\u5206\uff0c\u53f0\u5f0f\u7684\uff0c\u6e2f\u5f0f\u7684\uff0c\u5e7f\u5f0f\u7684\u7b49\u7b49\uff0c\u5927\u81f4\u76f8\u540c\uff0c\u540d\u5b57\u4e5f\u53eb\u6cd5\u4e0d\u4e00\uff0c\u9999\u6e2f\u53eb\u83e0\u841d\u6cb9\uff0c\u53f0\u6e7e\u53eb\u83e0\u841d\u5305\uff0c\u8fd8\u6709\u7684\u53eb\u51b0\u706b\u83e0\u841d\u5305\uff0c\u661f\u52a8\u529b\u51b0\u706b\u83e0\u841d\u65fa\u7b49\u7b49\u3002", "cover_image": "foods/cover/2016/06/05/boluobao.jpg", "link": "http://baike.baidu.com/link?url=Ffz2NxH8CSj0MBmCSW-pnYIcFCzW18rryYhc8Xa0nBGhLIKYxLBMiZB1lkLoELxKgjvo1xfY5uED3w5bxiGqdq", "category": 4, "user": 1, "created": "2016-06-05T09:52:37Z", "rating_likes": 1, "rating_dislikes": 0, "users_wta": [1], "users_ate": []}}, {"model": "comments.foodcomment", "pk": 29, "fields": {"user": 1, "content": "\u597d\u5403", "created": "2016-06-05T08:01:36Z", "food": 2}}, {"model": "comments.foodcomment", "pk": 30, "fields": {"user": 1, "content": "\u597d\u5403", "created": "2016-06-05T08:01:38Z", "food": 2}}, {"model": "comments.foodcomment", "pk": 31, "fields": {"user": 1, "content": "\u597d\u5403", "created": "2016-06-05T08:02:48Z", "food": 2}}, {"model": "comments.foodcomment", "pk": 32, "fields": {"user": 1, "content": "123", "created": "2016-06-05T08:02:56Z", "food": 2}}, {"model": "comments.foodcomment", "pk": 33, "fields": {"user": 1, "content": "11", "created": "2016-06-05T08:05:03Z", "food": 2}}, {"model": "actions.action", "pk": 11, "fields": {"user": 1, "verb": "\u60f3\u5403", "target_ct": 14, "target_id": 3, "created": "2016-06-05T09:47:54Z"}}, {"model": "actions.action", "pk": 12, "fields": {"user": 1, "verb": "\u559c\u6b22\u4e86", "target_ct": 14, "target_id": 3, "created": "2016-06-05T09:48:06Z"}}, {"model": "actions.action", "pk": 13, "fields": {"user": 1, "verb": "\u6536\u85cf\u4e86", "target_ct": 18, "target_id": 1, "created": "2016-06-05T09:48:24Z"}}, {"model": "actions.action", "pk": 14, "fields": {"user": 1, "verb": "\u5403\u8fc7", "target_ct": 14, "target_id": 3, "created": "2016-06-05T09:48:30Z"}}, {"model": "actions.action", "pk": 15, "fields": {"user": 1, "verb": "\u5173\u6ce8\u4e86", "target_ct": 6, "target_id": 2, "created": "2016-06-05T09:48:56Z"}}, {"model": "actions.action", "pk": 16, "fields": {"user": 1, "verb": "\u5206\u4eab\u4e86", "target_ct": 14, "target_id": 4, "created": "2016-06-05T09:52:37Z"}}, {"model": "actions.action", "pk": 17, "fields": {"user": 1, "verb": "\u5206\u4eab\u4e86", "target_ct": 14, "target_id": 5, "created": "2016-06-05T09:57:54Z"}}, {"model": "actions.action", "pk": 18, "fields": {"user": 2, "verb": "\u559c\u6b22\u4e86", "target_ct": 14, "target_id": 1, "created": "2016-06-05T14:51:08Z"}}, {"model": "actions.action", "pk": 19, "fields": {"user": 1, "verb": "\u60f3\u5403", "target_ct": 14, "target_id": 4, "created": "2016-06-05T15:11:23Z"}}, {"model": "actions.action", "pk": 20, "fields": {"user": 1, "verb": "\u559c\u6b22\u4e86", "target_ct": 14, "target_id": 4, "created": "2016-06-05T15:11:26Z"}}, {"model": "actions.action", "pk": 21, "fields": {"user": 1, "verb": "\u559c\u6b22\u4e86", "target_ct": 14, "target_id": 4, "created": "2016-06-06T02:30:42Z"}}, {"model": "actions.action", "pk": 22, "fields": {"user": 1, "verb": "\u559c\u6b22\u4e86", "target_ct": 14, "target_id": 4, "created": "2016-06-06T02:33:27Z"}}, {"model": "actions.action", "pk": 23, "fields": {"user": 1, "verb": "\u559c\u6b22\u4e86", "target_ct": 14, "target_id": 4, "created": "2016-06-06T02:56:51Z"}}, {"model": "admin.logentry", "pk": 1, "fields": {"action_time": "2016-05-22T13:54:54Z", "user": 1, "content_type": 13, "object_id": "1", "object_repr": "123", "action_flag": 1, "change_message": "\u5df2\u6dfb\u52a0\u3002"}}, {"model": "admin.logentry", "pk": 2, "fields": {"action_time": "2016-05-22T13:54:59Z", "user": 1, "content_type": 14, "object_id": "1", "object_repr": "123", "action_flag": 1, "change_message": "\u5df2\u6dfb\u52a0\u3002"}}, {"model": "admin.logentry", "pk": 3, "fields": {"action_time": "2016-05-25T12:03:54Z", "user": 1, "content_type": 6, "object_id": "2", "object_repr": "yummy", "action_flag": 1, "change_message": "\u5df2\u6dfb\u52a0\u3002"}}, {"model": "admin.logentry", "pk": 4, "fields": {"action_time": "2016-05-25T12:04:20Z", "user": 1, "content_type": 14, "object_id": "1", "object_repr": "123", "action_flag": 3, "change_message": ""}}, {"model": "admin.logentry", "pk": 5, "fields": {"action_time": "2016-05-25T12:08:42Z", "user": 1, "content_type": 13, "object_id": "2", "object_repr": "\u7cd6\u679c", "action_flag": 1, "change_message": "\u5df2\u6dfb\u52a0\u3002"}}, {"model": "admin.logentry", "pk": 6, "fields": {"action_time": "2016-05-25T12:08:52Z", "user": 1, "content_type": 13, "object_id": "3", "object_repr": "\u5de7\u514b\u529b", "action_flag": 1, "change_message": "\u5df2\u6dfb\u52a0\u3002"}}, {"model": "admin.logentry", "pk": 7, "fields": {"action_time": "2016-05-25T12:09:30Z", "user": 1, "content_type": 13, "object_id": "4", "object_repr": "\u997c\u5e72", "action_flag": 1, "change_message": "\u5df2\u6dfb\u52a0\u3002"}}, {"model": "admin.logentry", "pk": 8, "fields": {"action_time": "2016-05-25T12:09:40Z", "user": 1, "content_type": 13, "object_id": "5", "object_repr": "\u9152\u6c34", "action_flag": 1, "change_message": "\u5df2\u6dfb\u52a0\u3002"}}, {"model": "admin.logentry", "pk": 9, "fields": {"action_time": "2016-05-25T12:10:52Z", "user": 1, "content_type": 13, "object_id": "6", "object_repr": "\u96f6\u98df", "action_flag": 1, "change_message": "\u5df2\u6dfb\u52a0\u3002"}}, {"model": "admin.logentry", "pk": 10, "fields": {"action_time": "2016-05-25T12:12:46Z", "user": 1, "content_type": 13, "object_id": "7", "object_repr": "\u996e\u6599", "action_flag": 1, "change_message": "\u5df2\u6dfb\u52a0\u3002"}}, {"model": "admin.logentry", "pk": 11, "fields": {"action_time": "2016-05-25T12:12:54Z", "user": 1, "content_type": 13, "object_id": "8", "object_repr": "\u6c34\u679c", "action_flag": 1, "change_message": "\u5df2\u6dfb\u52a0\u3002"}}, {"model": "admin.logentry", "pk": 12, "fields": {"action_time": "2016-05-25T12:12:58Z", "user": 1, "content_type": 13, "object_id": "9", "object_repr": "\u852c\u83dc", "action_flag": 1, "change_message": "\u5df2\u6dfb\u52a0\u3002"}}, {"model": "admin.logentry", "pk": 13, "fields": {"action_time": "2016-05-25T12:14:13Z", "user": 1, "content_type": 13, "object_id": "1", "object_repr": "123", "action_flag": 3, "change_message": ""}}, {"model": "admin.logentry", "pk": 14, "fields": {"action_time": "2016-05-25T12:14:30Z", "user": 1, "content_type": 13, "object_id": "10", "object_repr": "\u6d77\u9c9c", "action_flag": 1, "change_message": "\u5df2\u6dfb\u52a0\u3002"}}, {"model": "admin.logentry", "pk": 15, "fields": {"action_time": "2016-05-25T12:15:29Z", "user": 1, "content_type": 13, "object_id": "11", "object_repr": "\u5176\u4ed6", "action_flag": 1, "change_message": "\u5df2\u6dfb\u52a0\u3002"}}, {"model": "admin.logentry", "pk": 16, "fields": {"action_time": "2016-05-25T12:15:54Z", "user": 1, "content_type": 13, "object_id": "4", "object_repr": "\u7cd5\u997c", "action_flag": 2, "change_message": "\u5df2\u4fee\u6539 name \u3002"}}, {"model": "admin.logentry", "pk": 17, "fields": {"action_time": "2016-05-25T12:16:37Z", "user": 1, "content_type": 14, "object_id": "2", "object_repr": "\u82cf\u683c\u683c\u5df4\u767b\u5df4\u767b\u5c0f\u86cb\u7cd5", "action_flag": 1, "change_message": "\u5df2\u6dfb\u52a0\u3002 \u5df2\u6dfb\u52a0 \u7f8e\u98df\u8bc4\u8bba \"FoodComment object\"."}}, {"model": "admin.logentry", "pk": 18, "fields": {"action_time": "2016-05-25T12:52:58Z", "user": 1, "content_type": 18, "object_id": "1", "object_repr": "\u597d\u5403\u5230\u7206\u70b8\uff01\u4e0d\u5403\u540e\u6094\u768410\u6b3e\u5de7\u514b\u529b", "action_flag": 1, "change_message": "\u5df2\u6dfb\u52a0\u3002"}}, {"model": "admin.logentry", "pk": 19, "fields": {"action_time": "2016-05-25T12:55:45Z", "user": 1, "content_type": 18, "object_id": "1", "object_repr": "\u597d\u5403\u5230\u7206\u70b8\uff01\u4e0d\u5403\u540e\u6094\u768410\u6b3e\u5de7\u514b\u529b", "action_flag": 2, "change_message": "\u5df2\u4fee\u6539 cover_image \u548c tags \u3002"}}, {"model": "admin.logentry", "pk": 20, "fields": {"action_time": "2016-05-25T12:58:37Z", "user": 1, "content_type": 18, "object_id": "1", "object_repr": "\u597d\u5403\u5230\u7206\u70b8\uff01\u4e0d\u5403\u540e\u6094\u768410\u6b3e\u5de7\u514b\u529b", "action_flag": 2, "change_message": "\u5df2\u4fee\u6539 description \u548c tags \u3002"}}, {"model": "admin.logentry", "pk": 21, "fields": {"action_time": "2016-05-25T13:41:51Z", "user": 1, "content_type": 18, "object_id": "1", "object_repr": "\u597d\u5403\u5230\u7206\u70b8\uff01\u4e0d\u5403\u540e\u6094\u768410\u6b3e\u5de7\u514b\u529b", "action_flag": 2, "change_message": "\u5df2\u4fee\u6539 users_collect \u548c tags \u3002"}}, {"model": "admin.logentry", "pk": 22, "fields": {"action_time": "2016-05-28T02:28:44Z", "user": 1, "content_type": 11, "object_id": "1", "object_repr": "Action object", "action_flag": 1, "change_message": "\u5df2\u6dfb\u52a0\u3002"}}, {"model": "admin.logentry", "pk": 23, "fields": {"action_time": "2016-05-28T02:33:50Z", "user": 1, "content_type": 11, "object_id": "2", "object_repr": "yummy\u8bc4\u8bba\u4e86food", "action_flag": 1, "change_message": "\u5df2\u6dfb\u52a0\u3002"}}, {"model": "admin.logentry", "pk": 24, "fields": {"action_time": "2016-05-28T02:33:56Z", "user": 1, "content_type": 11, "object_id": "1", "object_repr": "yummy\u559c\u6b22\u4e86food", "action_flag": 2, "change_message": "\u5df2\u4fee\u6539 target_id \u3002"}}, {"model": "admin.logentry", "pk": 25, "fields": {"action_time": "2016-05-28T02:37:23Z", "user": 1, "content_type": 14, "object_id": "3", "object_repr": "\u83e0\u841d", "action_flag": 1, "change_message": "\u5df2\u6dfb\u52a0\u3002"}}, {"model": "admin.logentry", "pk": 26, "fields": {"action_time": "2016-05-28T02:39:27Z", "user": 1, "content_type": 14, "object_id": "3", "object_repr": "\u83e0\u841d", "action_flag": 2, "change_message": "\u5df2\u4fee\u6539 tags \u3002"}}, {"model": "admin.logentry", "pk": 27, "fields": {"action_time": "2016-06-01T13:39:26Z", "user": 1, "content_type": 14, "object_id": "3", "object_repr": "\u83e0\u841d", "action_flag": 2, "change_message": "\u5df2\u4fee\u6539 tags \u3002"}}, {"model": "admin.logentry", "pk": 28, "fields": {"action_time": "2016-06-04T03:00:03Z", "user": 1, "content_type": 6, "object_id": "1", "object_repr": "lwt", "action_flag": 2, "change_message": "\u5df2\u4fee\u6539 last_login \u3002 \u5df2\u53d8\u66f4 avatar for \u7528\u6237\u6863\u6848 \"lwt\u7684\u6863\u6848\"."}}, {"model": "admin.logentry", "pk": 29, "fields": {"action_time": "2016-06-04T03:04:06Z", "user": 1, "content_type": 6, "object_id": "1", "object_repr": "lwt", "action_flag": 2, "change_message": "\u5df2\u53d8\u66f4 introduction for \u7528\u6237\u6863\u6848 \"lwt\u7684\u6863\u6848\"."}}, {"model": "admin.logentry", "pk": 30, "fields": {"action_time": "2016-06-04T08:05:16Z", "user": 1, "content_type": 14, "object_id": "4", "object_repr": "\u5176\u5df2\u6302", "action_flag": 3, "change_message": ""}}, {"model": "admin.logentry", "pk": 31, "fields": {"action_time": "2016-06-04T08:39:44Z", "user": 1, "content_type": 9, "object_id": "1", "object_repr": "\u5317\u4eac", "action_flag": 3, "change_message": ""}}, {"model": "admin.logentry", "pk": 32, "fields": {"action_time": "2016-06-04T08:41:02Z", "user": 1, "content_type": 9, "object_id": "37", "object_repr": "\u5176\u4ed6", "action_flag": 3, "change_message": ""}}, {"model": "admin.logentry", "pk": 33, "fields": {"action_time": "2016-06-04T08:41:02Z", "user": 1, "content_type": 9, "object_id": "36", "object_repr": "\u6d77\u5916", "action_flag": 3, "change_message": ""}}, {"model": "admin.logentry", "pk": 34, "fields": {"action_time": "2016-06-04T08:41:02Z", "user": 1, "content_type": 9, "object_id": "35", "object_repr": "\u53f0\u6e7e", "action_flag": 3, "change_message": ""}}, {"model": "admin.logentry", "pk": 35, "fields": {"action_time": "2016-06-04T08:41:02Z", "user": 1, "content_type": 9, "object_id": "34", "object_repr": "\u6fb3\u95e8", "action_flag": 3, "change_message": ""}}, {"model": "admin.logentry", "pk": 36, "fields": {"action_time": "2016-06-04T08:41:02Z", "user": 1, "content_type": 9, "object_id": "33", "object_repr": "\u9999\u6e2f", "action_flag": 3, "change_message": ""}}, {"model": "admin.logentry", "pk": 37, "fields": {"action_time": "2016-06-04T08:41:02Z", "user": 1, "content_type": 9, "object_id": "32", "object_repr": "\u65b0\u7586", "action_flag": 3, "change_message": ""}}, {"model": "admin.logentry", "pk": 38, "fields": {"action_time": "2016-06-04T08:41:02Z", "user": 1, "content_type": 9, "object_id": "31", "object_repr": "\u9752\u6d77", "action_flag": 3, "change_message": ""}}, {"model": "admin.logentry", "pk": 39, "fields": {"action_time": "2016-06-04T08:41:02Z", "user": 1, "content_type": 9, "object_id": "30", "object_repr": "\u5b81\u590f", "action_flag": 3, "change_message": ""}}, {"model": "admin.logentry", "pk": 40, "fields": {"action_time": "2016-06-04T08:41:02Z", "user": 1, "content_type": 9, "object_id": "29", "object_repr": "\u7518\u8083", "action_flag": 3, "change_message": ""}}, {"model": "admin.logentry", "pk": 41, "fields": {"action_time": "2016-06-04T08:41:02Z", "user": 1, "content_type": 9, "object_id": "28", "object_repr": "\u6d77\u5357", "action_flag": 3, "change_message": ""}}, {"model": "admin.logentry", "pk": 42, "fields": {"action_time": "2016-06-04T08:41:02Z", "user": 1, "content_type": 9, "object_id": "27", "object_repr": "\u897f\u85cf", "action_flag": 3, "change_message": ""}}, {"model": "admin.logentry", "pk": 43, "fields": {"action_time": "2016-06-04T08:41:02Z", "user": 1, "content_type": 9, "object_id": "26", "object_repr": "\u4e91\u5357", "action_flag": 3, "change_message": ""}}, {"model": "admin.logentry", "pk": 44, "fields": {"action_time": "2016-06-04T08:41:02Z", "user": 1, "content_type": 9, "object_id": "25", "object_repr": "\u8d35\u5dde", "action_flag": 3, "change_message": ""}}, {"model": "admin.logentry", "pk": 45, "fields": {"action_time": "2016-06-04T08:41:02Z", "user": 1, "content_type": 9, "object_id": "24", "object_repr": "\u6c5f\u897f", "action_flag": 3, "change_message": ""}}, {"model": "admin.logentry", "pk": 46, "fields": {"action_time": "2016-06-04T08:41:02Z", "user": 1, "content_type": 9, "object_id": "23", "object_repr": "\u5e7f\u897f", "action_flag": 3, "change_message": ""}}, {"model": "admin.logentry", "pk": 47, "fields": {"action_time": "2016-06-04T08:41:02Z", "user": 1, "content_type": 9, "object_id": "22", "object_repr": "\u6e56\u5357", "action_flag": 3, "change_message": ""}}, {"model": "admin.logentry", "pk": 48, "fields": {"action_time": "2016-06-04T08:41:02Z", "user": 1, "content_type": 9, "object_id": "21", "object_repr": "\u798f\u5efa", "action_flag": 3, "change_message": ""}}, {"model": "admin.logentry", "pk": 49, "fields": {"action_time": "2016-06-04T08:41:02Z", "user": 1, "content_type": 9, "object_id": "20", "object_repr": "\u6d59\u6c5f", "action_flag": 3, "change_message": ""}}, {"model": "admin.logentry", "pk": 50, "fields": {"action_time": "2016-06-04T08:41:02Z", "user": 1, "content_type": 9, "object_id": "19", "object_repr": "\u5b89\u5fbd", "action_flag": 3, "change_message": ""}}, {"model": "admin.logentry", "pk": 51, "fields": {"action_time": "2016-06-04T08:41:02Z", "user": 1, "content_type": 9, "object_id": "18", "object_repr": "\u5c71\u4e1c", "action_flag": 3, "change_message": ""}}, {"model": "admin.logentry", "pk": 52, "fields": {"action_time": "2016-06-04T08:41:02Z", "user": 1, "content_type": 9, "object_id": "17", "object_repr": "\u5185\u8499\u53e4", "action_flag": 3, "change_message": ""}}, {"model": "admin.logentry", "pk": 53, "fields": {"action_time": "2016-06-04T08:41:02Z", "user": 1, "content_type": 9, "object_id": "16", "object_repr": "\u9ed1\u9f99\u6c5f", "action_flag": 3, "change_message": ""}}, {"model": "admin.logentry", "pk": 54, "fields": {"action_time": "2016-06-04T08:41:02Z", "user": 1, "content_type": 9, "object_id": "15", "object_repr": "\u5409\u6797", "action_flag": 3, "change_message": ""}}, {"model": "admin.logentry", "pk": 55, "fields": {"action_time": "2016-06-04T08:41:02Z", "user": 1, "content_type": 9, "object_id": "14", "object_repr": "\u6cb3\u5357", "action_flag": 3, "change_message": ""}}, {"model": "admin.logentry", "pk": 56, "fields": {"action_time": "2016-06-04T08:41:02Z", "user": 1, "content_type": 9, "object_id": "13", "object_repr": "\u5c71\u897f", "action_flag": 3, "change_message": ""}}, {"model": "admin.logentry", "pk": 57, "fields": {"action_time": "2016-06-04T08:41:02Z", "user": 1, "content_type": 9, "object_id": "12", "object_repr": "\u6cb3\u5317", "action_flag": 3, "change_message": ""}}, {"model": "admin.logentry", "pk": 58, "fields": {"action_time": "2016-06-04T08:41:02Z", "user": 1, "content_type": 9, "object_id": "11", "object_repr": "\u9655\u897f", "action_flag": 3, "change_message": ""}}, {"model": "admin.logentry", "pk": 59, "fields": {"action_time": "2016-06-04T08:41:02Z", "user": 1, "content_type": 9, "object_id": "10", "object_repr": "\u56db\u5ddd", "action_flag": 3, "change_message": ""}}, {"model": "admin.logentry", "pk": 60, "fields": {"action_time": "2016-06-04T08:41:02Z", "user": 1, "content_type": 9, "object_id": "9", "object_repr": "\u6e56\u5317", "action_flag": 3, "change_message": ""}}, {"model": "admin.logentry", "pk": 61, "fields": {"action_time": "2016-06-04T08:41:02Z", "user": 1, "content_type": 9, "object_id": "8", "object_repr": "\u6c5f\u82cf", "action_flag": 3, "change_message": ""}}, {"model": "admin.logentry", "pk": 62, "fields": {"action_time": "2016-06-04T08:41:02Z", "user": 1, "content_type": 9, "object_id": "7", "object_repr": "\u8fbd\u5b81", "action_flag": 3, "change_message": ""}}, {"model": "admin.logentry", "pk": 63, "fields": {"action_time": "2016-06-04T08:41:02Z", "user": 1, "content_type": 9, "object_id": "6", "object_repr": "\u91cd\u5e86", "action_flag": 3, "change_message": ""}}, {"model": "admin.logentry", "pk": 64, "fields": {"action_time": "2016-06-04T08:41:02Z", "user": 1, "content_type": 9, "object_id": "5", "object_repr": "\u5929\u6d25", "action_flag": 3, "change_message": ""}}, {"model": "admin.logentry", "pk": 65, "fields": {"action_time": "2016-06-04T08:41:02Z", "user": 1, "content_type": 9, "object_id": "4", "object_repr": "\u4e0a\u6d77", "action_flag": 3, "change_message": ""}}, {"model": "admin.logentry", "pk": 66, "fields": {"action_time": "2016-06-04T08:41:02Z", "user": 1, "content_type": 9, "object_id": "3", "object_repr": "\u5e7f\u4e1c", "action_flag": 3, "change_message": ""}}, {"model": "admin.logentry", "pk": 67, "fields": {"action_time": "2016-06-04T08:41:02Z", "user": 1, "content_type": 9, "object_id": "2", "object_repr": "\u5317\u4eac", "action_flag": 3, "change_message": ""}}, {"model": "admin.logentry", "pk": 68, "fields": {"action_time": "2016-06-05T08:01:24Z", "user": 1, "content_type": 20, "object_id": "28", "object_repr": "lwt: 321", "action_flag": 3, "change_message": ""}}, {"model": "admin.logentry", "pk": 69, "fields": {"action_time": "2016-06-05T08:01:24Z", "user": 1, "content_type": 20, "object_id": "27", "object_repr": "lwt: 321", "action_flag": 3, "change_message": ""}}, {"model": "admin.logentry", "pk": 70, "fields": {"action_time": "2016-06-05T08:01:24Z", "user": 1, "content_type": 20, "object_id": "26", "object_repr": "lwt: 321", "action_flag": 3, "change_message": ""}}, {"model": "admin.logentry", "pk": 71, "fields": {"action_time": "2016-06-05T08:01:24Z", "user": 1, "content_type": 20, "object_id": "25", "object_repr": "lwt: 321", "action_flag": 3, "change_message": ""}}, {"model": "admin.logentry", "pk": 72, "fields": {"action_time": "2016-06-05T08:01:24Z", "user": 1, "content_type": 20, "object_id": "24", "object_repr": "lwt: 321", "action_flag": 3, "change_message": ""}}, {"model": "admin.logentry", "pk": 73, "fields": {"action_time": "2016-06-05T08:01:24Z", "user": 1, "content_type": 20, "object_id": "23", "object_repr": "lwt: 321", "action_flag": 3, "change_message": ""}}, {"model": "admin.logentry", "pk": 74, "fields": {"action_time": "2016-06-05T08:01:24Z", "user": 1, "content_type": 20, "object_id": "22", "object_repr": "lwt: 321", "action_flag": 3, "change_message": ""}}, {"model": "admin.logentry", "pk": 75, "fields": {"action_time": "2016-06-05T08:01:24Z", "user": 1, "content_type": 20, "object_id": "21", "object_repr": "lwt: 321", "action_flag": 3, "change_message": ""}}, {"model": "admin.logentry", "pk": 76, "fields": {"action_time": "2016-06-05T08:01:24Z", "user": 1, "content_type": 20, "object_id": "20", "object_repr": "lwt: 321", "action_flag": 3, "change_message": ""}}, {"model": "admin.logentry", "pk": 77, "fields": {"action_time": "2016-06-05T08:01:24Z", "user": 1, "content_type": 20, "object_id": "19", "object_repr": "lwt: 321", "action_flag": 3, "change_message": ""}}, {"model": "admin.logentry", "pk": 78, "fields": {"action_time": "2016-06-05T08:01:24Z", "user": 1, "content_type": 20, "object_id": "18", "object_repr": "lwt: 321", "action_flag": 3, "change_message": ""}}, {"model": "admin.logentry", "pk": 79, "fields": {"action_time": "2016-06-05T08:01:24Z", "user": 1, "content_type": 20, "object_id": "17", "object_repr": "lwt: 123", "action_flag": 3, "change_message": ""}}, {"model": "admin.logentry", "pk": 80, "fields": {"action_time": "2016-06-05T08:01:24Z", "user": 1, "content_type": 20, "object_id": "16", "object_repr": "lwt: 123", "action_flag": 3, "change_message": ""}}, {"model": "admin.logentry", "pk": 81, "fields": {"action_time": "2016-06-05T08:01:24Z", "user": 1, "content_type": 20, "object_id": "15", "object_repr": "lwt: 123", "action_flag": 3, "change_message": ""}}, {"model": "admin.logentry", "pk": 82, "fields": {"action_time": "2016-06-05T08:01:24Z", "user": 1, "content_type": 20, "object_id": "14", "object_repr": "lwt: 123", "action_flag": 3, "change_message": ""}}, {"model": "admin.logentry", "pk": 83, "fields": {"action_time": "2016-06-05T08:01:24Z", "user": 1, "content_type": 20, "object_id": "13", "object_repr": "lwt: 123", "action_flag": 3, "change_message": ""}}, {"model": "admin.logentry", "pk": 84, "fields": {"action_time": "2016-06-05T08:01:24Z", "user": 1, "content_type": 20, "object_id": "12", "object_repr": "lwt: 123", "action_flag": 3, "change_message": ""}}, {"model": "admin.logentry", "pk": 85, "fields": {"action_time": "2016-06-05T08:01:24Z", "user": 1, "content_type": 20, "object_id": "11", "object_repr": "lwt: 123", "action_flag": 3, "change_message": ""}}, {"model": "admin.logentry", "pk": 86, "fields": {"action_time": "2016-06-05T08:01:24Z", "user": 1, "content_type": 20, "object_id": "10", "object_repr": "lwt: 123", "action_flag": 3, "change_message": ""}}, {"model": "admin.logentry", "pk": 87, "fields": {"action_time": "2016-06-05T08:01:24Z", "user": 1, "content_type": 20, "object_id": "9", "object_repr": "lwt: 123", "action_flag": 3, "change_message": ""}}, {"model": "admin.logentry", "pk": 88, "fields": {"action_time": "2016-06-05T08:01:24Z", "user": 1, "content_type": 20, "object_id": "8", "object_repr": "lwt: 123", "action_flag": 3, "change_message": ""}}, {"model": "admin.logentry", "pk": 89, "fields": {"action_time": "2016-06-05T08:01:24Z", "user": 1, "content_type": 20, "object_id": "7", "object_repr": "lwt: 123", "action_flag": 3, "change_message": ""}}, {"model": "admin.logentry", "pk": 90, "fields": {"action_time": "2016-06-05T08:01:24Z", "user": 1, "content_type": 20, "object_id": "6", "object_repr": "lwt: 123", "action_flag": 3, "change_message": ""}}, {"model": "admin.logentry", "pk": 91, "fields": {"action_time": "2016-06-05T08:01:24Z", "user": 1, "content_type": 20, "object_id": "5", "object_repr": "lwt: 123", "action_flag": 3, "change_message": ""}}, {"model": "admin.logentry", "pk": 92, "fields": {"action_time": "2016-06-05T08:01:24Z", "user": 1, "content_type": 20, "object_id": "1", "object_repr": "yummy: \u771f\u5fc3\u89c9\u5f97\u5fd7\u73b2\u59d0\u59d0\u4e24\u5b63\u82b1\u6837\u59d0\u59d0\u7528\u81ea\u5df1\u7684\u5b9e\u9645\u884c\u52a8\uff0c\u6811\u7acb\u4e86\u4e00\u4e2a\u5927\u5199\u7684\u5076\u50cf\u7684\u884c\u4e3a\u6807\u51c6\uff01\u5979\u535a\u5b66\uff0c\u5979\u4e0d\u754f\u4efb\u4f55\u8270\u96be\u9669\u963b\uff0c\u5979\u5728\u5357\u6781\u51b0\u6d77\u91cc\u7545\u6e38\u7684\u753b\u9762\uff0c\u8ba9\u6211\u6fc0\u52a8\u843d\u6cea\uff0c\u5979\u771f\u5f97\u914d\u7684\u8d77\u5973\u795e\u4e8c\u5b57\u548c\u5168\u4e16\u754c\u7684\u559c\u7231\uff01\u4e86\u4e0d\u8d77\uff01", "action_flag": 3, "change_message": ""}}, {"model": "admin.logentry", "pk": 93, "fields": {"action_time": "2016-06-05T08:42:50Z", "user": 1, "content_type": 6, "object_id": "1", "object_repr": "lwt", "action_flag": 2, "change_message": "\u5df2\u4fee\u6539 email \u548c last_login \u3002"}}, {"model": "admin.logentry", "pk": 94, "fields": {"action_time": "2016-06-05T09:06:42Z", "user": 1, "content_type": 6, "object_id": "3", "object_repr": "\u4e2d\u6587", "action_flag": 3, "change_message": ""}}, {"model": "admin.logentry", "pk": 95, "fields": {"action_time": "2016-06-05T09:47:44Z", "user": 1, "content_type": 11, "object_id": "10", "object_repr": "lwt\u6536\u85cf\u4e86topic", "action_flag": 3, "change_message": ""}}, {"model": "admin.logentry", "pk": 96, "fields": {"action_time": "2016-06-05T09:47:44Z", "user": 1, "content_type": 11, "object_id": "9", "object_repr": "lwt\u5173\u6ce8\u4e86user", "action_flag": 3, "change_message": ""}}, {"model": "admin.logentry", "pk": 97, "fields": {"action_time": "2016-06-05T09:47:44Z", "user": 1, "content_type": 11, "object_id": "8", "object_repr": "lwt\u6536\u85cf\u4e86topic", "action_flag": 3, "change_message": ""}}, {"model": "admin.logentry", "pk": 98, "fields": {"action_time": "2016-06-05T09:47:44Z", "user": 1, "content_type": 11, "object_id": "7", "object_repr": "lwt\u6536\u85cf\u4e86topic", "action_flag": 3, "change_message": ""}}, {"model": "admin.logentry", "pk": 99, "fields": {"action_time": "2016-06-05T09:47:44Z", "user": 1, "content_type": 11, "object_id": "6", "object_repr": "lwt\u5173\u6ce8\u4e86user", "action_flag": 3, "change_message": ""}}, {"model": "admin.logentry", "pk": 100, "fields": {"action_time": "2016-06-05T09:47:44Z", "user": 1, "content_type": 11, "object_id": "5", "object_repr": "lwt\u5173\u6ce8\u4e86user", "action_flag": 3, "change_message": ""}}, {"model": "admin.logentry", "pk": 101, "fields": {"action_time": "2016-06-05T09:47:44Z", "user": 1, "content_type": 11, "object_id": "4", "object_repr": "lwt\u5173\u6ce8\u4e86user", "action_flag": 3, "change_message": ""}}, {"model": "admin.logentry", "pk": 102, "fields": {"action_time": "2016-06-05T09:47:44Z", "user": 1, "content_type": 11, "object_id": "3", "object_repr": "lwt\u5173\u6ce8\u4e86user", "action_flag": 3, "change_message": ""}}, {"model": "admin.logentry", "pk": 103, "fields": {"action_time": "2016-06-05T09:47:44Z", "user": 1, "content_type": 11, "object_id": "2", "object_repr": "yummy\u8bc4\u8bba\u4e86food", "action_flag": 3, "change_message": ""}}, {"model": "admin.logentry", "pk": 104, "fields": {"action_time": "2016-06-05T09:47:44Z", "user": 1, "content_type": 11, "object_id": "1", "object_repr": "yummy\u559c\u6b22\u4e86food", "action_flag": 3, "change_message": ""}}, {"model": "admin.logentry", "pk": 105, "fields": {"action_time": "2016-06-05T09:57:06Z", "user": 1, "content_type": 14, "object_id": "4", "object_repr": "\u83e0\u841d\u5305", "action_flag": 2, "change_message": "\u5df2\u4fee\u6539 tags \u3002"}}, {"model": "admin.logentry", "pk": 106, "fields": {"action_time": "2016-06-05T09:57:16Z", "user": 1, "content_type": 14, "object_id": "4", "object_repr": "\u83e0\u841d\u5305", "action_flag": 2, "change_message": "\u5df2\u4fee\u6539 tags \u3002"}}, {"model": "admin.logentry", "pk": 107, "fields": {"action_time": "2016-06-05T09:58:13Z", "user": 1, "content_type": 14, "object_id": "5", "object_repr": "test", "action_flag": 3, "change_message": ""}}, {"model": "admin.logentry", "pk": 108, "fields": {"action_time": "2016-06-05T10:19:19Z", "user": 1, "content_type": 14, "object_id": "7", "object_repr": "test2", "action_flag": 3, "change_message": ""}}, {"model": "admin.logentry", "pk": 109, "fields": {"action_time": "2016-06-05T10:19:19Z", "user": 1, "content_type": 14, "object_id": "6", "object_repr": "test", "action_flag": 3, "change_message": ""}}, {"model": "admin.logentry", "pk": 110, "fields": {"action_time": "2016-06-05T10:20:45Z", "user": 1, "content_type": 14, "object_id": "8", "object_repr": "test2", "action_flag": 3, "change_message": ""}}, {"model": "admin.logentry", "pk": 111, "fields": {"action_time": "2016-06-05T14:51:08Z", "user": 1, "content_type": 11, "object_id": "18", "object_repr": "yummy\u559c\u6b22\u4e86food", "action_flag": 1, "change_message": "\u5df2\u6dfb\u52a0\u3002"}}]