[{"model": "contenttypes.contenttype", "pk": 1, "fields": {"app_label": "admin", "model": "logentry"}}, {"model": "contenttypes.contenttype", "pk": 2, "fields": {"app_label": "auth", "model": "permission"}}, {"model": "contenttypes.contenttype", "pk": 3, "fields": {"app_label": "auth", "model": "group"}}, {"model": "contenttypes.contenttype", "pk": 4, "fields": {"app_label": "contenttypes", "model": "contenttype"}}, {"model": "contenttypes.contenttype", "pk": 5, "fields": {"app_label": "sessions", "model": "session"}}, {"model": "contenttypes.contenttype", "pk": 6, "fields": {"app_label": "actions", "model": "action"}}, {"model": "contenttypes.contenttype", "pk": 7, "fields": {"app_label": "blog", "model": "post"}}, {"model": "contenttypes.contenttype", "pk": 8, "fields": {"app_label": "comments", "model": "foodcomment"}}, {"model": "contenttypes.contenttype", "pk": 9, "fields": {"app_label": "comments", "model": "topiccomment"}}, {"model": "contenttypes.contenttype", "pk": 10, "fields": {"app_label": "comments", "model": "postcomment"}}, {"model": "contenttypes.contenttype", "pk": 11, "fields": {"app_label": "food", "model": "foodcategory"}}, {"model": "contenttypes.contenttype", "pk": 12, "fields": {"app_label": "food", "model": "food"}}, {"model": "contenttypes.contenttype", "pk": 13, "fields": {"app_label": "location", "model": "province"}}, {"model": "contenttypes.contenttype", "pk": 14, "fields": {"app_label": "location", "model": "city"}}, {"model": "contenttypes.contenttype", "pk": 15, "fields": {"app_label": "location", "model": "place"}}, {"model": "contenttypes.contenttype", "pk": 16, "fields": {"app_label": "thumbnail", "model": "kvstore"}}, {"model": "contenttypes.contenttype", "pk": 17, "fields": {"app_label": "taggit", "model": "tag"}}, {"model": "contenttypes.contenttype", "pk": 18, "fields": {"app_label": "taggit", "model": "taggeditem"}}, {"model": "contenttypes.contenttype", "pk": 19, "fields": {"app_label": "topic", "model": "foodtopic"}}, {"model": "contenttypes.contenttype", "pk": 20, "fields": {"app_label": "user", "model": "user"}}, {"model": "contenttypes.contenttype", "pk": 21, "fields": {"app_label": "user", "model": "usersetting"}}, {"model": "contenttypes.contenttype", "pk": 22, "fields": {"app_label": "user", "model": "userprofile"}}, {"model": "contenttypes.contenttype", "pk": 23, "fields": {"app_label": "updown", "model": "vote"}}, {"model": "contenttypes.contenttype", "pk": 24, "fields": {"app_label": "comments", "model": "forumpostcomment"}}, {"model": "contenttypes.contenttype", "pk": 25, "fields": {"app_label": "forum", "model": "board"}}, {"model": "contenttypes.contenttype", "pk": 26, "fields": {"app_label": "forum", "model": "forumpost"}}, {"model": "contenttypes.contenttype", "pk": 27, "fields": {"app_label": "djcelery", "model": "taskmeta"}}, {"model": "contenttypes.contenttype", "pk": 28, "fields": {"app_label": "djcelery", "model": "tasksetmeta"}}, {"model": "contenttypes.contenttype", "pk": 29, "fields": {"app_label": "djcelery", "model": "intervalschedule"}}, {"model": "contenttypes.contenttype", "pk": 30, "fields": {"app_label": "djcelery", "model": "crontabschedule"}}, {"model": "contenttypes.contenttype", "pk": 31, "fields": {"app_label": "djcelery", "model": "periodictasks"}}, {"model": "contenttypes.contenttype", "pk": 32, "fields": {"app_label": "djcelery", "model": "periodictask"}}, {"model": "contenttypes.contenttype", "pk": 33, "fields": {"app_label": "djcelery", "model": "workerstate"}}, {"model": "contenttypes.contenttype", "pk": 34, "fields": {"app_label": "djcelery", "model": "taskstate"}}, {"model": "sessions.session", "pk": "m2zh3o3sem800xaasrp8m4c11gnvc3f2", "fields": {"session_data": "ZjVjNTc3NjA1NzQzM2Q0ZDAyMjY5MjUzOWQxMzg2MDQ2ZGE0YjU4ZDp7Il9hdXRoX3VzZXJfaGFzaCI6ImYwYjg2ZmJlY2VmOWFhMGQ5YTVkMjJiM2VhYmFkZGYwYTMwZWE3MDIiLCJfYXV0aF91c2VyX2lkIjoiMSIsIl9hdXRoX3VzZXJfYmFja2VuZCI6ImRqYW5nby5jb250cmliLmF1dGguYmFja2VuZHMuTW9kZWxCYWNrZW5kIn0=", "expire_date": "2016-10-03T02:28:49.654Z"}}, {"model": "sessions.session", "pk": "p6sezwya2pbxo9g7j38eearoi74eymr7", "fields": {"session_data": "NmMwNGU4YjJkNTUyYzhiYWIwY2NhMDNkNmE3MjQ4MTY0YmQ2YTNiZTp7Il9hdXRoX3VzZXJfaGFzaCI6Ijc2YzI1NGYyNmEyOWY1ZjFlYzhmOTVhOTRlNzBjODU3ZWZkMTliNmIiLCJfYXV0aF91c2VyX2lkIjoiMiIsIl9hdXRoX3VzZXJfYmFja2VuZCI6ImRqYW5nby5jb250cmliLmF1dGguYmFja2VuZHMuTW9kZWxCYWNrZW5kIn0=", "expire_date": "2016-10-03T02:42:53.355Z"}}, {"model": "sessions.session", "pk": "p8c4pprl3m07i9lruvw0phi5lrcq9qhk", "fields": {"session_data": "NTExZjY0M2MwM2QyYWI0ZWJkMDBmNjc3MzhmYWFmZTM1YWQxNzBiZTp7Il9hdXRoX3VzZXJfYmFja2VuZCI6ImRqYW5nby5jb250cmliLmF1dGguYmFja2VuZHMuTW9kZWxCYWNrZW5kIiwiX2F1dGhfdXNlcl9oYXNoIjoiZjBiODZmYmVjZWY5YWEwZDlhNWQyMmIzZWFiYWRkZjBhMzBlYTcwMiIsIl9hdXRoX3VzZXJfaWQiOiIxIn0=", "expire_date": "2016-10-17T07:24:51.938Z"}}, {"model": "food.foodcategory", "pk": 1, "fields": {"name": "\u96f6\u98df"}}, {"model": "food.foodcategory", "pk": 2, "fields": {"name": "\u7cd6\u5de7"}}, {"model": "food.foodcategory", "pk": 3, "fields": {"name": "\u725b\u5976"}}, {"model": "food.foodcategory", "pk": 4, "fields": {"name": "\u9152\u6c34"}}, {"model": "food.foodcategory", "pk": 5, "fields": {"name": "\u6c34\u679c"}}, {"model": "food.foodcategory", "pk": 6, "fields": {"name": "\u8089\u7c7b"}}, {"model": "food.foodcategory", "pk": 7, "fields": {"name": "\u852c\u83dc"}}, {"model": "food.foodcategory", "pk": 8, "fields": {"name": "\u8282\u65e5"}}, {"model": "food.foodcategory", "pk": 9, "fields": {"name": "\u7279\u8272"}}, {"model": "food.foodcategory", "pk": 10, "fields": {"name": "\u5176\u4ed6"}}, {"model": "location.province", "pk": 1, "fields": {"name": "\u5929\u6d25\u5e02"}}, {"model": "location.province", "pk": 2, "fields": {"name": "\u5409\u6797\u7701"}}, {"model": "location.province", "pk": 3, "fields": {"name": "\u6fb3\u9580\u7279\u5225\u884c\u653f\u5340"}}, {"model": "location.province", "pk": 4, "fields": {"name": "\u9999\u6e2f\u7279\u5225\u884c\u653f\u5340"}}, {"model": "location.province", "pk": 5, "fields": {"name": "\u5b89\u5fbd\u7701"}}, {"model": "location.province", "pk": 6, "fields": {"name": "\u8fbd\u5b81\u7701"}}, {"model": "location.province", "pk": 7, "fields": {"name": "\u6e56\u5317\u7701"}}, {"model": "location.province", "pk": 8, "fields": {"name": "\u9752\u6d77\u7701"}}, {"model": "location.province", "pk": 9, "fields": {"name": "\u91cd\u5e86\u5e02"}}, {"model": "location.province", "pk": 10, "fields": {"name": "\u6cb3\u5317\u7701"}}, {"model": "location.province", "pk": 11, "fields": {"name": "\u53f0\u6e7e\u7701"}}, {"model": "location.province", "pk": 12, "fields": {"name": "\u5e7f\u897f\u58ee\u65cf\u81ea\u6cbb\u533a"}}, {"model": "location.province", "pk": 13, "fields": {"name": "\u6c5f\u82cf\u7701"}}, {"model": "location.province", "pk": 14, "fields": {"name": "\u4e91\u5357\u7701"}}, {"model": "location.province", "pk": 15, "fields": {"name": "\u9655\u897f\u7701"}}, {"model": "location.province", "pk": 16, "fields": {"name": "\u798f\u5efa\u7701"}}, {"model": "location.province", "pk": 17, "fields": {"name": "\u5c71\u897f\u7701"}}, {"model": "location.province", "pk": 18, "fields": {"name": "\u5185\u8499\u53e4\u81ea\u6cbb\u533a"}}, {"model": "location.province", "pk": 19, "fields": {"name": "\u8d35\u5dde\u7701"}}, {"model": "location.province", "pk": 20, "fields": {"name": "\u6e56\u5357\u7701"}}, {"model": "location.province", "pk": 21, "fields": {"name": "\u5b81\u590f\u56de\u65cf\u81ea\u6cbb\u533a"}}, {"model": "location.province", "pk": 22, "fields": {"name": "\u56db\u5ddd\u7701"}}, {"model": "location.province", "pk": 23, "fields": {"name": "\u6d77\u5357\u7701"}}, {"model": "location.province", "pk": 24, "fields": {"name": "\u6d59\u6c5f\u7701"}}, {"model": "location.province", "pk": 25, "fields": {"name": "\u5317\u4eac\u5e02"}}, {"model": "location.province", "pk": 26, "fields": {"name": "\u897f\u85cf\u81ea\u6cbb\u533a"}}, {"model": "location.province", "pk": 27, "fields": {"name": "\u6cb3\u5357\u7701"}}, {"model": "location.province", "pk": 28, "fields": {"name": "\u7518\u8083\u7701"}}, {"model": "location.province", "pk": 29, "fields": {"name": "\u6c5f\u897f\u7701"}}, {"model": "location.province", "pk": 30, "fields": {"name": "\u9ed1\u9f99\u6c5f\u7701"}}, {"model": "location.province", "pk": 31, "fields": {"name": "\u5c71\u4e1c\u7701"}}, {"model": "location.province", "pk": 32, "fields": {"name": "\u5e7f\u4e1c\u7701"}}, {"model": "location.province", "pk": 33, "fields": {"name": "\u4e0a\u6d77\u5e02"}}, {"model": "location.province", "pk": 34, "fields": {"name": "\u65b0\u7586\u7ef4\u543e\u5c14\u81ea\u6cbb\u533a"}}, {"model": "location.city", "pk": 1, "fields": {"name": "\u5929\u6d25\u5e02\u90ca\u53bf", "province": 1}}, {"model": "location.city", "pk": 2, "fields": {"name": "\u5929\u6d25\u5e02\u5e02\u8f96\u533a", "province": 1}}, {"model": "location.city", "pk": 3, "fields": {"name": "\u8fbd\u6e90\u5e02", "province": 2}}, {"model": "location.city", "pk": 4, "fields": {"name": "\u767d\u5c71\u5e02", "province": 2}}, {"model": "location.city", "pk": 5, "fields": {"name": "\u957f\u6625\u5e02", "province": 2}}, {"model": "location.city", "pk": 6, "fields": {"name": "\u5ef6\u8fb9\u671d\u9c9c\u65cf\u81ea\u6cbb\u5dde", "province": 2}}, {"model": "location.city", "pk": 7, "fields": {"name": "\u5409\u6797\u5e02", "province": 2}}, {"model": "location.city", "pk": 8, "fields": {"name": "\u901a\u5316\u5e02", "province": 2}}, {"model": "location.city", "pk": 9, "fields": {"name": "\u767d\u57ce\u5e02", "province": 2}}, {"model": "location.city", "pk": 10, "fields": {"name": "\u56db\u5e73\u5e02", "province": 2}}, {"model": "location.city", "pk": 11, "fields": {"name": "\u677e\u539f\u5e02", "province": 2}}, {"model": "location.city", "pk": 12, "fields": {"name": "\u82b1\u5730\u746a\u5802\u5340", "province": 3}}, {"model": "location.city", "pk": 13, "fields": {"name": "\u82b1\u738b\u5802\u5340", "province": 3}}, {"model": "location.city", "pk": 14, "fields": {"name": "\u671b\u5fb7\u5802\u5340", "province": 3}}, {"model": "location.city", "pk": 15, "fields": {"name": "\u5927\u5802\u5340", "province": 3}}, {"model": "location.city", "pk": 16, "fields": {"name": "\u98a8\u9806\u5802\u5340", "province": 3}}, {"model": "location.city", "pk": 17, "fields": {"name": "\u5609\u6a21\u5802\u5340", "province": 3}}, {"model": "location.city", "pk": 18, "fields": {"name": "\u8def\u6c39\u586b\u6d77\u5340", "province": 3}}, {"model": "location.city", "pk": 19, "fields": {"name": "\u8056\u65b9\u6fdf\u5404\u5802\u5340", "province": 3}}, {"model": "location.city", "pk": 20, "fields": {"name": "\u6c99\u7530\u5340", "province": 4}}, {"model": "location.city", "pk": 21, "fields": {"name": "\u8475\u9752\u5340", "province": 4}}, {"model": "location.city", "pk": 22, "fields": {"name": "\u96e2\u5cf6\u5340", "province": 4}}, {"model": "location.city", "pk": 23, "fields": {"name": "\u4e2d\u897f\u5340", "province": 4}}, {"model": "location.city", "pk": 24, "fields": {"name": "\u7063\u4ed4\u5340", "province": 4}}, {"model": "location.city", "pk": 25, "fields": {"name": "\u6771\u5340", "province": 4}}, {"model": "location.city", "pk": 26, "fields": {"name": "\u5357\u5340", "province": 4}}, {"model": "location.city", "pk": 27, "fields": {"name": "\u6cb9\u5c16\u65fa\u5340", "province": 4}}, {"model": "location.city", "pk": 28, "fields": {"name": "\u6df1\u6c34\u57d7\u5340", "province": 4}}, {"model": "location.city", "pk": 29, "fields": {"name": "\u4e5d\u9f8d\u57ce\u5340", "province": 4}}, {"model": "location.city", "pk": 30, "fields": {"name": "\u9ec3\u5927\u4ed9\u5340", "province": 4}}, {"model": "location.city", "pk": 31, "fields": {"name": "\u89c0\u5858\u5340", "province": 4}}, {"model": "location.city", "pk": 32, "fields": {"name": "\u8343\u7063\u5340", "province": 4}}, {"model": "location.city", "pk": 33, "fields": {"name": "\u5c6f\u9580\u5340", "province": 4}}, {"model": "location.city", "pk": 34, "fields": {"name": "\u5143\u6717\u5340", "province": 4}}, {"model": "location.city", "pk": 35, "fields": {"name": "\u5317\u5340", "province": 4}}, {"model": "location.city", "pk": 36, "fields": {"name": "\u5927\u57d4\u5340", "province": 4}}, {"model": "location.city", "pk": 37, "fields": {"name": "\u897f\u8ca2\u5340", "province": 4}}, {"model": "location.city", "pk": 38, "fields": {"name": "\u5b89\u5e86\u5e02", "province": 5}}, {"model": "location.city", "pk": 39, "fields": {"name": "\u961c\u9633\u5e02", "province": 5}}, {"model": "location.city", "pk": 40, "fields": {"name": "\u5408\u80a5\u5e02", "province": 5}}, {"model": "location.city", "pk": 41, "fields": {"name": "\u829c\u6e56\u5e02", "province": 5}}, {"model": "location.city", "pk": 42, "fields": {"name": "\u6ec1\u5dde\u5e02", "province": 5}}, {"model": "location.city", "pk": 43, "fields": {"name": "\u4eb3\u5dde\u5e02", "province": 5}}, {"model": "location.city", "pk": 44, "fields": {"name": "\u868c\u57e0\u5e02", "province": 5}}, {"model": "location.city", "pk": 45, "fields": {"name": "\u5ba3\u57ce\u5e02", "province": 5}}, {"model": "location.city", "pk": 46, "fields": {"name": "\u6dee\u5357\u5e02", "province": 5}}, {"model": "location.city", "pk": 47, "fields": {"name": "\u9ec4\u5c71\u5e02", "province": 5}}, {"model": "location.city", "pk": 48, "fields": {"name": "\u6c60\u5dde\u5e02", "province": 5}}, {"model": "location.city", "pk": 49, "fields": {"name": "\u9a6c\u978d\u5c71\u5e02", "province": 5}}, {"model": "location.city", "pk": 50, "fields": {"name": "\u6dee\u5317\u5e02", "province": 5}}, {"model": "location.city", "pk": 51, "fields": {"name": "\u5bbf\u5dde\u5e02", "province": 5}}, {"model": "location.city", "pk": 52, "fields": {"name": "\u94dc\u9675\u5e02", "province": 5}}, {"model": "location.city", "pk": 53, "fields": {"name": "\u516d\u5b89\u5e02", "province": 5}}, {"model": "location.city", "pk": 54, "fields": {"name": "\u629a\u987a\u5e02", "province": 6}}, {"model": "location.city", "pk": 55, "fields": {"name": "\u94c1\u5cad\u5e02", "province": 6}}, {"model": "location.city", "pk": 56, "fields": {"name": "\u846b\u82a6\u5c9b\u5e02", "province": 6}}, {"model": "location.city", "pk": 57, "fields": {"name": "\u672c\u6eaa\u5e02", "province": 6}}, {"model": "location.city", "pk": 58, "fields": {"name": "\u4e39\u4e1c\u5e02", "province": 6}}, {"model": "location.city", "pk": 59, "fields": {"name": "\u978d\u5c71\u5e02", "province": 6}}, {"model": "location.city", "pk": 60, "fields": {"name": "\u9526\u5dde\u5e02", "province": 6}}, {"model": "location.city", "pk": 61, "fields": {"name": "\u8425\u53e3\u5e02", "province": 6}}, {"model": "location.city", "pk": 62, "fields": {"name": "\u5927\u8fde\u5e02", "province": 6}}, {"model": "location.city", "pk": 63, "fields": {"name": "\u671d\u9633\u5e02", "province": 6}}, {"model": "location.city", "pk": 64, "fields": {"name": "\u6c88\u9633\u5e02", "province": 6}}, {"model": "location.city", "pk": 65, "fields": {"name": "\u8fbd\u9633\u5e02", "province": 6}}, {"model": "location.city", "pk": 66, "fields": {"name": "\u961c\u65b0\u5e02", "province": 6}}, {"model": "location.city", "pk": 67, "fields": {"name": "\u76d8\u9526\u5e02", "province": 6}}, {"model": "location.city", "pk": 68, "fields": {"name": "\u8346\u95e8\u5e02", "province": 7}}, {"model": "location.city", "pk": 69, "fields": {"name": "\u6069\u65bd\u571f\u5bb6\u65cf\u82d7\u65cf\u81ea\u6cbb\u5dde", "province": 7}}, {"model": "location.city", "pk": 70, "fields": {"name": "\u6b66\u6c49\u5e02", "province": 7}}, {"model": "location.city", "pk": 71, "fields": {"name": "\u9ec4\u77f3\u5e02", "province": 7}}, {"model": "location.city", "pk": 72, "fields": {"name": "\u9ec4\u5188\u5e02", "province": 7}}, {"model": "location.city", "pk": 73, "fields": {"name": "\u968f\u5dde\u5e02", "province": 7}}, {"model": "location.city", "pk": 74, "fields": {"name": "\u5341\u5830\u5e02", "province": 7}}, {"model": "location.city", "pk": 75, "fields": {"name": "\u6f5c\u6c5f\u5e02", "province": 7}}, {"model": "location.city", "pk": 76, "fields": {"name": "\u5929\u95e8\u5e02", "province": 7}}, {"model": "location.city", "pk": 77, "fields": {"name": "\u54b8\u5b81\u5e02", "province": 7}}, {"model": "location.city", "pk": 78, "fields": {"name": "\u8346\u5dde\u5e02", "province": 7}}, {"model": "location.city", "pk": 79, "fields": {"name": "\u5b9c\u660c\u5e02", "province": 7}}, {"model": "location.city", "pk": 80, "fields": {"name": "\u8944\u9633\u5e02", "province": 7}}, {"model": "location.city", "pk": 81, "fields": {"name": "\u5b5d\u611f\u5e02", "province": 7}}, {"model": "location.city", "pk": 82, "fields": {"name": "\u9102\u5dde\u5e02", "province": 7}}, {"model": "location.city", "pk": 83, "fields": {"name": "\u795e\u519c\u67b6\u6797\u533a", "province": 7}}, {"model": "location.city", "pk": 84, "fields": {"name": "\u4ed9\u6843\u5e02", "province": 7}}, {"model": "location.city", "pk": 85, "fields": {"name": "\u6d77\u897f\u8499\u53e4\u65cf\u85cf\u65cf\u81ea\u6cbb\u5dde", "province": 8}}, {"model": "location.city", "pk": 86, "fields": {"name": "\u6d77\u5317\u85cf\u65cf\u81ea\u6cbb\u5dde", "province": 8}}, {"model": "location.city", "pk": 87, "fields": {"name": "\u897f\u5b81\u5e02", "province": 8}}, {"model": "location.city", "pk": 88, "fields": {"name": "\u7389\u6811\u85cf\u65cf\u81ea\u6cbb\u5dde", "province": 8}}, {"model": "location.city", "pk": 89, "fields": {"name": "\u6d77\u4e1c\u5e02", "province": 8}}, {"model": "location.city", "pk": 90, "fields": {"name": "\u6d77\u5357\u85cf\u65cf\u81ea\u6cbb\u5dde", "province": 8}}, {"model": "location.city", "pk": 91, "fields": {"name": "\u9ec4\u5357\u85cf\u65cf\u81ea\u6cbb\u5dde", "province": 8}}, {"model": "location.city", "pk": 92, "fields": {"name": "\u679c\u6d1b\u85cf\u65cf\u81ea\u6cbb\u5dde", "province": 8}}, {"model": "location.city", "pk": 93, "fields": {"name": "\u91cd\u5e86\u5e02\u90ca\u53bf", "province": 9}}, {"model": "location.city", "pk": 94, "fields": {"name": "\u91cd\u5e86\u5e02\u5e02\u8f96\u533a", "province": 9}}, {"model": "location.city", "pk": 95, "fields": {"name": "\u90af\u90f8\u5e02", "province": 10}}, {"model": "location.city", "pk": 96, "fields": {"name": "\u4fdd\u5b9a\u5e02", "province": 10}}, {"model": "location.city", "pk": 97, "fields": {"name": "\u5f20\u5bb6\u53e3\u5e02", "province": 10}}, {"model": "location.city", "pk": 98, "fields": {"name": "\u5eca\u574a\u5e02", "province": 10}}, {"model": "location.city", "pk": 99, "fields": {"name": "\u77f3\u5bb6\u5e84\u5e02", "province": 10}}, {"model": "location.city", "pk": 100, "fields": {"name": "\u5510\u5c71\u5e02", "province": 10}}, {"model": "location.city", "pk": 101, "fields": {"name": "\u90a2\u53f0\u5e02", "province": 10}}, {"model": "location.city", "pk": 102, "fields": {"name": "\u6ca7\u5dde\u5e02", "province": 10}}, {"model": "location.city", "pk": 103, "fields": {"name": "\u79e6\u7687\u5c9b\u5e02", "province": 10}}, {"model": "location.city", "pk": 104, "fields": {"name": "\u627f\u5fb7\u5e02", "province": 10}}, {"model": "location.city", "pk": 105, "fields": {"name": "\u8861\u6c34\u5e02", "province": 10}}, {"model": "location.city", "pk": 106, "fields": {"name": "\u68a7\u5dde\u5e02", "province": 12}}, {"model": "location.city", "pk": 107, "fields": {"name": "\u6cb3\u6c60\u5e02", "province": 12}}, {"model": "location.city", "pk": 108, "fields": {"name": "\u5317\u6d77\u5e02", "province": 12}}, {"model": "location.city", "pk": 109, "fields": {"name": "\u9632\u57ce\u6e2f\u5e02", "province": 12}}, {"model": "location.city", "pk": 110, "fields": {"name": "\u8d3a\u5dde\u5e02", "province": 12}}, {"model": "location.city", "pk": 111, "fields": {"name": "\u94a6\u5dde\u5e02", "province": 12}}, {"model": "location.city", "pk": 112, "fields": {"name": "\u8d35\u6e2f\u5e02", "province": 12}}, {"model": "location.city", "pk": 113, "fields": {"name": "\u67f3\u5dde\u5e02", "province": 12}}, {"model": "location.city", "pk": 114, "fields": {"name": "\u7389\u6797\u5e02", "province": 12}}, {"model": "location.city", "pk": 115, "fields": {"name": "\u6765\u5bbe\u5e02", "province": 12}}, {"model": "location.city", "pk": 116, "fields": {"name": "\u767e\u8272\u5e02", "province": 12}}, {"model": "location.city", "pk": 117, "fields": {"name": "\u5357\u5b81\u5e02", "province": 12}}, {"model": "location.city", "pk": 118, "fields": {"name": "\u5d07\u5de6\u5e02", "province": 12}}, {"model": "location.city", "pk": 119, "fields": {"name": "\u6842\u6797\u5e02", "province": 12}}, {"model": "location.city", "pk": 120, "fields": {"name": "\u6dee\u5b89\u5e02", "province": 13}}, {"model": "location.city", "pk": 121, "fields": {"name": "\u6cf0\u5dde\u5e02", "province": 13}}, {"model": "location.city", "pk": 122, "fields": {"name": "\u5357\u4eac\u5e02", "province": 13}}, {"model": "location.city", "pk": 123, "fields": {"name": "\u626c\u5dde\u5e02", "province": 13}}, {"model": "location.city", "pk": 124, "fields": {"name": "\u9547\u6c5f\u5e02", "province": 13}}, {"model": "location.city", "pk": 125, "fields": {"name": "\u5f90\u5dde\u5e02", "province": 13}}, {"model": "location.city", "pk": 126, "fields": {"name": "\u5e38\u5dde\u5e02", "province": 13}}, {"model": "location.city", "pk": 127, "fields": {"name": "\u65e0\u9521\u5e02", "province": 13}}, {"model": "location.city", "pk": 128, "fields": {"name": "\u82cf\u5dde\u5e02", "province": 13}}, {"model": "location.city", "pk": 129, "fields": {"name": "\u5bbf\u8fc1\u5e02", "province": 13}}, {"model": "location.city", "pk": 130, "fields": {"name": "\u5357\u901a\u5e02", "province": 13}}, {"model": "location.city", "pk": 131, "fields": {"name": "\u76d0\u57ce\u5e02", "province": 13}}, {"model": "location.city", "pk": 132, "fields": {"name": "\u8fde\u4e91\u6e2f\u5e02", "province": 13}}, {"model": "location.city", "pk": 133, "fields": {"name": "\u7389\u6eaa\u5e02", "province": 14}}, {"model": "location.city", "pk": 134, "fields": {"name": "\u897f\u53cc\u7248\u7eb3\u50a3\u65cf\u81ea\u6cbb\u5dde", "province": 14}}, {"model": "location.city", "pk": 135, "fields": {"name": "\u4fdd\u5c71\u5e02", "province": 14}}, {"model": "location.city", "pk": 136, "fields": {"name": "\u662d\u901a\u5e02", "province": 14}}, {"model": "location.city", "pk": 137, "fields": {"name": "\u695a\u96c4\u5f5d\u65cf\u81ea\u6cbb\u5dde", "province": 14}}, {"model": "location.city", "pk": 138, "fields": {"name": "\u5927\u7406\u767d\u65cf\u81ea\u6cbb\u5dde", "province": 14}}, {"model": "location.city", "pk": 139, "fields": {"name": "\u4e3d\u6c5f\u5e02", "province": 14}}, {"model": "location.city", "pk": 140, "fields": {"name": "\u5fb7\u5b8f\u50a3\u65cf\u666f\u9887\u65cf\u81ea\u6cbb\u5dde", "province": 14}}, {"model": "location.city", "pk": 141, "fields": {"name": "\u666e\u6d31\u5e02", "province": 14}}, {"model": "location.city", "pk": 142, "fields": {"name": "\u8fea\u5e86\u85cf\u65cf\u81ea\u6cbb\u5dde", "province": 14}}, {"model": "location.city", "pk": 143, "fields": {"name": "\u6606\u660e\u5e02", "province": 14}}, {"model": "location.city", "pk": 144, "fields": {"name": "\u6012\u6c5f\u5088\u50f3\u65cf\u81ea\u6cbb\u5dde", "province": 14}}, {"model": "location.city", "pk": 145, "fields": {"name": "\u6587\u5c71\u58ee\u65cf\u82d7\u65cf\u81ea\u6cbb\u5dde", "province": 14}}, {"model": "location.city", "pk": 146, "fields": {"name": "\u4e34\u6ca7\u5e02", "province": 14}}, {"model": "location.city", "pk": 147, "fields": {"name": "\u66f2\u9756\u5e02", "province": 14}}, {"model": "location.city", "pk": 148, "fields": {"name": "\u7ea2\u6cb3\u54c8\u5c3c\u65cf\u5f5d\u65cf\u81ea\u6cbb\u5dde", "province": 14}}, {"model": "location.city", "pk": 149, "fields": {"name": "\u54b8\u9633\u5e02", "province": 15}}, {"model": "location.city", "pk": 150, "fields": {"name": "\u5ef6\u5b89\u5e02", "province": 15}}, {"model": "location.city", "pk": 151, "fields": {"name": "\u897f\u5b89\u5e02", "province": 15}}, {"model": "location.city", "pk": 152, "fields": {"name": "\u6986\u6797\u5e02", "province": 15}}, {"model": "location.city", "pk": 153, "fields": {"name": "\u94dc\u5ddd\u5e02", "province": 15}}, {"model": "location.city", "pk": 154, "fields": {"name": "\u6e2d\u5357\u5e02", "province": 15}}, {"model": "location.city", "pk": 155, "fields": {"name": "\u6c49\u4e2d\u5e02", "province": 15}}, {"model": "location.city", "pk": 156, "fields": {"name": "\u5546\u6d1b\u5e02", "province": 15}}, {"model": "location.city", "pk": 157, "fields": {"name": "\u5b9d\u9e21\u5e02", "province": 15}}, {"model": "location.city", "pk": 158, "fields": {"name": "\u5b89\u5eb7\u5e02", "province": 15}}, {"model": "location.city", "pk": 159, "fields": {"name": "\u4e09\u660e\u5e02", "province": 16}}, {"model": "location.city", "pk": 160, "fields": {"name": "\u6f33\u5dde\u5e02", "province": 16}}, {"model": "location.city", "pk": 161, "fields": {"name": "\u5b81\u5fb7\u5e02", "province": 16}}, {"model": "location.city", "pk": 162, "fields": {"name": "\u798f\u5dde\u5e02", "province": 16}}, {"model": "location.city", "pk": 163, "fields": {"name": "\u53a6\u95e8\u5e02", "province": 16}}, {"model": "location.city", "pk": 164, "fields": {"name": "\u6cc9\u5dde\u5e02", "province": 16}}, {"model": "location.city", "pk": 165, "fields": {"name": "\u8386\u7530\u5e02", "province": 16}}, {"model": "location.city", "pk": 166, "fields": {"name": "\u5357\u5e73\u5e02", "province": 16}}, {"model": "location.city", "pk": 167, "fields": {"name": "\u9f99\u5ca9\u5e02", "province": 16}}, {"model": "location.city", "pk": 168, "fields": {"name": "\u957f\u6cbb\u5e02", "province": 17}}, {"model": "location.city", "pk": 169, "fields": {"name": "\u6714\u5dde\u5e02", "province": 17}}, {"model": "location.city", "pk": 170, "fields": {"name": "\u4e34\u6c7e\u5e02", "province": 17}}, {"model": "location.city", "pk": 171, "fields": {"name": "\u592a\u539f\u5e02", "province": 17}}, {"model": "location.city", "pk": 172, "fields": {"name": "\u8fd0\u57ce\u5e02", "province": 17}}, {"model": "location.city", "pk": 173, "fields": {"name": "\u5415\u6881\u5e02", "province": 17}}, {"model": "location.city", "pk": 174, "fields": {"name": "\u5927\u540c\u5e02", "province": 17}}, {"model": "location.city", "pk": 175, "fields": {"name": "\u664b\u57ce\u5e02", "province": 17}}, {"model": "location.city", "pk": 176, "fields": {"name": "\u664b\u4e2d\u5e02", "province": 17}}, {"model": "location.city", "pk": 177, "fields": {"name": "\u9633\u6cc9\u5e02", "province": 17}}, {"model": "location.city", "pk": 178, "fields": {"name": "\u5ffb\u5dde\u5e02", "province": 17}}, {"model": "location.city", "pk": 179, "fields": {"name": "\u8d64\u5cf0\u5e02", "province": 18}}, {"model": "location.city", "pk": 180, "fields": {"name": "\u901a\u8fbd\u5e02", "province": 18}}, {"model": "location.city", "pk": 181, "fields": {"name": "\u9102\u5c14\u591a\u65af\u5e02", "province": 18}}, {"model": "location.city", "pk": 182, "fields": {"name": "\u547c\u4f26\u8d1d\u5c14\u5e02", "province": 18}}, {"model": "location.city", "pk": 183, "fields": {"name": "\u5df4\u5f66\u6dd6\u5c14\u5e02", "province": 18}}, {"model": "location.city", "pk": 184, "fields": {"name": "\u5174\u5b89\u76df", "province": 18}}, {"model": "location.city", "pk": 185, "fields": {"name": "\u547c\u548c\u6d69\u7279\u5e02", "province": 18}}, {"model": "location.city", "pk": 186, "fields": {"name": "\u5305\u5934\u5e02", "province": 18}}, {"model": "location.city", "pk": 187, "fields": {"name": "\u4e4c\u5170\u5bdf\u5e03\u5e02", "province": 18}}, {"model": "location.city", "pk": 188, "fields": {"name": "\u9521\u6797\u90ed\u52d2\u76df", "province": 18}}, {"model": "location.city", "pk": 189, "fields": {"name": "\u4e4c\u6d77\u5e02", "province": 18}}, {"model": "location.city", "pk": 190, "fields": {"name": "\u963f\u62c9\u5584\u76df", "province": 18}}, {"model": "location.city", "pk": 191, "fields": {"name": "\u5b89\u987a\u5e02", "province": 19}}, {"model": "location.city", "pk": 192, "fields": {"name": "\u94dc\u4ec1\u5e02", "province": 19}}, {"model": "location.city", "pk": 193, "fields": {"name": "\u8d35\u9633\u5e02", "province": 19}}, {"model": "location.city", "pk": 194, "fields": {"name": "\u9ed4\u4e1c\u5357\u82d7\u65cf\u4f97\u65cf\u81ea\u6cbb\u5dde", "province": 19}}, {"model": "location.city", "pk": 195, "fields": {"name": "\u516d\u76d8\u6c34\u5e02", "province": 19}}, {"model": "location.city", "pk": 196, "fields": {"name": "\u6bd5\u8282\u5e02", "province": 19}}, {"model": "location.city", "pk": 197, "fields": {"name": "\u9ed4\u5357\u5e03\u4f9d\u65cf\u82d7\u65cf\u81ea\u6cbb\u5dde", "province": 19}}, {"model": "location.city", "pk": 198, "fields": {"name": "\u9075\u4e49\u5e02", "province": 19}}, {"model": "location.city", "pk": 199, "fields": {"name": "\u9ed4\u897f\u5357\u5e03\u4f9d\u65cf\u82d7\u65cf\u81ea\u6cbb\u5dde", "province": 19}}, {"model": "location.city", "pk": 200, "fields": {"name": "\u8861\u9633\u5e02", "province": 20}}, {"model": "location.city", "pk": 201, "fields": {"name": "\u6000\u5316\u5e02", "province": 20}}, {"model": "location.city", "pk": 202, "fields": {"name": "\u6e58\u897f\u571f\u5bb6\u65cf\u82d7\u65cf\u81ea\u6cbb\u5dde", "province": 20}}, {"model": "location.city", "pk": 203, "fields": {"name": "\u90b5\u9633\u5e02", "province": 20}}, {"model": "location.city", "pk": 204, "fields": {"name": "\u5cb3\u9633\u5e02", "province": 20}}, {"model": "location.city", "pk": 205, "fields": {"name": "\u6c38\u5dde\u5e02", "province": 20}}, {"model": "location.city", "pk": 206, "fields": {"name": "\u5e38\u5fb7\u5e02", "province": 20}}, {"model": "location.city", "pk": 207, "fields": {"name": "\u5f20\u5bb6\u754c\u5e02", "province": 20}}, {"model": "location.city", "pk": 208, "fields": {"name": "\u682a\u6d32\u5e02", "province": 20}}, {"model": "location.city", "pk": 209, "fields": {"name": "\u957f\u6c99\u5e02", "province": 20}}, {"model": "location.city", "pk": 210, "fields": {"name": "\u90f4\u5dde\u5e02", "province": 20}}, {"model": "location.city", "pk": 211, "fields": {"name": "\u76ca\u9633\u5e02", "province": 20}}, {"model": "location.city", "pk": 212, "fields": {"name": "\u5a04\u5e95\u5e02", "province": 20}}, {"model": "location.city", "pk": 213, "fields": {"name": "\u6e58\u6f6d\u5e02", "province": 20}}, {"model": "location.city", "pk": 214, "fields": {"name": "\u77f3\u5634\u5c71\u5e02", "province": 21}}, {"model": "location.city", "pk": 215, "fields": {"name": "\u5434\u5fe0\u5e02", "province": 21}}, {"model": "location.city", "pk": 216, "fields": {"name": "\u56fa\u539f\u5e02", "province": 21}}, {"model": "location.city", "pk": 217, "fields": {"name": "\u94f6\u5ddd\u5e02", "province": 21}}, {"model": "location.city", "pk": 218, "fields": {"name": "\u4e2d\u536b\u5e02", "province": 21}}, {"model": "location.city", "pk": 219, "fields": {"name": "\u6500\u679d\u82b1\u5e02", "province": 22}}, {"model": "location.city", "pk": 220, "fields": {"name": "\u5e7f\u5b89\u5e02", "province": 22}}, {"model": "location.city", "pk": 221, "fields": {"name": "\u6cf8\u5dde\u5e02", "province": 22}}, {"model": "location.city", "pk": 222, "fields": {"name": "\u7518\u5b5c\u85cf\u65cf\u81ea\u6cbb\u5dde", "province": 22}}, {"model": "location.city", "pk": 223, "fields": {"name": "\u8d44\u9633\u5e02", "province": 22}}, {"model": "location.city", "pk": 224, "fields": {"name": "\u5fb7\u9633\u5e02", "province": 22}}, {"model": "location.city", "pk": 225, "fields": {"name": "\u4e50\u5c71\u5e02", "province": 22}}, {"model": "location.city", "pk": 226, "fields": {"name": "\u5df4\u4e2d\u5e02", "province": 22}}, {"model": "location.city", "pk": 227, "fields": {"name": "\u963f\u575d\u85cf\u65cf\u7f8c\u65cf\u81ea\u6cbb\u5dde", "province": 22}}, {"model": "location.city", "pk": 228, "fields": {"name": "\u7ef5\u9633\u5e02", "province": 22}}, {"model": "location.city", "pk": 229, "fields": {"name": "\u5357\u5145\u5e02", "province": 22}}, {"model": "location.city", "pk": 230, "fields": {"name": "\u8fbe\u5dde\u5e02", "province": 22}}, {"model": "location.city", "pk": 231, "fields": {"name": "\u96c5\u5b89\u5e02", "province": 22}}, {"model": "location.city", "pk": 232, "fields": {"name": "\u5e7f\u5143\u5e02", "province": 22}}, {"model": "location.city", "pk": 233, "fields": {"name": "\u7709\u5c71\u5e02", "province": 22}}, {"model": "location.city", "pk": 234, "fields": {"name": "\u6210\u90fd\u5e02", "province": 22}}, {"model": "location.city", "pk": 235, "fields": {"name": "\u5185\u6c5f\u5e02", "province": 22}}, {"model": "location.city", "pk": 236, "fields": {"name": "\u9042\u5b81\u5e02", "province": 22}}, {"model": "location.city", "pk": 237, "fields": {"name": "\u51c9\u5c71\u5f5d\u65cf\u81ea\u6cbb\u5dde", "province": 22}}, {"model": "location.city", "pk": 238, "fields": {"name": "\u81ea\u8d21\u5e02", "province": 22}}, {"model": "location.city", "pk": 239, "fields": {"name": "\u5b9c\u5bbe\u5e02", "province": 22}}, {"model": "location.city", "pk": 240, "fields": {"name": "\u4e34\u9ad8\u53bf", "province": 23}}, {"model": "location.city", "pk": 241, "fields": {"name": "\u767d\u6c99\u9ece\u65cf\u81ea\u6cbb\u53bf", "province": 23}}, {"model": "location.city", "pk": 242, "fields": {"name": "\u660c\u6c5f\u9ece\u65cf\u81ea\u6cbb\u53bf", "province": 23}}, {"model": "location.city", "pk": 243, "fields": {"name": "\u4e50\u4e1c\u9ece\u65cf\u81ea\u6cbb\u53bf", "province": 23}}, {"model": "location.city", "pk": 244, "fields": {"name": "\u6d77\u53e3\u5e02", "province": 23}}, {"model": "location.city", "pk": 245, "fields": {"name": "\u4fdd\u4ead\u9ece\u65cf\u82d7\u65cf\u81ea\u6cbb\u53bf", "province": 23}}, {"model": "location.city", "pk": 246, "fields": {"name": "\u743c\u4e2d\u9ece\u65cf\u82d7\u65cf\u81ea\u6cbb\u53bf", "province": 23}}, {"model": "location.city", "pk": 247, "fields": {"name": "\u4e09\u4e9a\u5e02", "province": 23}}, {"model": "location.city", "pk": 248, "fields": {"name": "\u4e94\u6307\u5c71\u5e02", "province": 23}}, {"model": "location.city", "pk": 249, "fields": {"name": "\u743c\u6d77\u5e02", "province": 23}}, {"model": "location.city", "pk": 250, "fields": {"name": "\u4e09\u6c99\u5e02", "province": 23}}, {"model": "location.city", "pk": 251, "fields": {"name": "\u6587\u660c\u5e02", "province": 23}}, {"model": "location.city", "pk": 252, "fields": {"name": "\u4e07\u5b81\u5e02", "province": 23}}, {"model": "location.city", "pk": 253, "fields": {"name": "\u4e1c\u65b9\u5e02", "province": 23}}, {"model": "location.city", "pk": 254, "fields": {"name": "\u510b\u5dde\u5e02", "province": 23}}, {"model": "location.city", "pk": 255, "fields": {"name": "\u9675\u6c34\u9ece\u65cf\u81ea\u6cbb\u53bf", "province": 23}}, {"model": "location.city", "pk": 256, "fields": {"name": "\u5b9a\u5b89\u53bf", "province": 23}}, {"model": "location.city", "pk": 257, "fields": {"name": "\u5c6f\u660c\u53bf", "province": 23}}, {"model": "location.city", "pk": 258, "fields": {"name": "\u6f84\u8fc8\u53bf", "province": 23}}, {"model": "location.city", "pk": 259, "fields": {"name": "\u5609\u5174\u5e02", "province": 24}}, {"model": "location.city", "pk": 260, "fields": {"name": "\u7ecd\u5174\u5e02", "province": 24}}, {"model": "location.city", "pk": 261, "fields": {"name": "\u821f\u5c71\u5e02", "province": 24}}, {"model": "location.city", "pk": 262, "fields": {"name": "\u676d\u5dde\u5e02", "province": 24}}, {"model": "location.city", "pk": 263, "fields": {"name": "\u4e3d\u6c34\u5e02", "province": 24}}, {"model": "location.city", "pk": 264, "fields": {"name": "\u8862\u5dde\u5e02", "province": 24}}, {"model": "location.city", "pk": 265, "fields": {"name": "\u5b81\u6ce2\u5e02", "province": 24}}, {"model": "location.city", "pk": 266, "fields": {"name": "\u6e56\u5dde\u5e02", "province": 24}}, {"model": "location.city", "pk": 267, "fields": {"name": "\u6e29\u5dde\u5e02", "province": 24}}, {"model": "location.city", "pk": 268, "fields": {"name": "\u53f0\u5dde\u5e02", "province": 24}}, {"model": "location.city", "pk": 269, "fields": {"name": "\u91d1\u534e\u5e02", "province": 24}}, {"model": "location.city", "pk": 270, "fields": {"name": "\u5317\u4eac\u5e02\u5e02\u8f96\u533a", "province": 25}}, {"model": "location.city", "pk": 271, "fields": {"name": "\u6797\u829d\u5e02", "province": 26}}, {"model": "location.city", "pk": 272, "fields": {"name": "\u5c71\u5357\u5730\u533a", "province": 26}}, {"model": "location.city", "pk": 273, "fields": {"name": "\u62c9\u8428\u5e02", "province": 26}}, {"model": "location.city", "pk": 274, "fields": {"name": "\u65e5\u5580\u5219\u5e02", "province": 26}}, {"model": "location.city", "pk": 275, "fields": {"name": "\u963f\u91cc\u5730\u533a", "province": 26}}, {"model": "location.city", "pk": 276, "fields": {"name": "\u660c\u90fd\u5e02", "province": 26}}, {"model": "location.city", "pk": 277, "fields": {"name": "\u90a3\u66f2\u5730\u533a", "province": 26}}, {"model": "location.city", "pk": 278, "fields": {"name": "\u5e73\u9876\u5c71\u5e02", "province": 27}}, {"model": "location.city", "pk": 279, "fields": {"name": "\u4e09\u95e8\u5ce1\u5e02", "province": 27}}, {"model": "location.city", "pk": 280, "fields": {"name": "\u5b89\u9633\u5e02", "province": 27}}, {"model": "location.city", "pk": 281, "fields": {"name": "\u5468\u53e3\u5e02", "province": 27}}, {"model": "location.city", "pk": 282, "fields": {"name": "\u9e64\u58c1\u5e02", "province": 27}}, {"model": "location.city", "pk": 283, "fields": {"name": "\u6f2f\u6cb3\u5e02", "province": 27}}, {"model": "location.city", "pk": 284, "fields": {"name": "\u65b0\u4e61\u5e02", "province": 27}}, {"model": "location.city", "pk": 285, "fields": {"name": "\u9a7b\u9a6c\u5e97\u5e02", "province": 27}}, {"model": "location.city", "pk": 286, "fields": {"name": "\u5546\u4e18\u5e02", "province": 27}}, {"model": "location.city", "pk": 287, "fields": {"name": "\u7126\u4f5c\u5e02", "province": 27}}, {"model": "location.city", "pk": 288, "fields": {"name": "\u8bb8\u660c\u5e02", "province": 27}}, {"model": "location.city", "pk": 289, "fields": {"name": "\u5357\u9633\u5e02", "province": 27}}, {"model": "location.city", "pk": 290, "fields": {"name": "\u90d1\u5dde\u5e02", "province": 27}}, {"model": "location.city", "pk": 291, "fields": {"name": "\u6d4e\u6e90\u5e02", "province": 27}}, {"model": "location.city", "pk": 292, "fields": {"name": "\u5f00\u5c01\u5e02", "province": 27}}, {"model": "location.city", "pk": 293, "fields": {"name": "\u6fee\u9633\u5e02", "province": 27}}, {"model": "location.city", "pk": 294, "fields": {"name": "\u6d1b\u9633\u5e02", "province": 27}}, {"model": "location.city", "pk": 295, "fields": {"name": "\u4fe1\u9633\u5e02", "province": 27}}, {"model": "location.city", "pk": 296, "fields": {"name": "\u5e73\u51c9\u5e02", "province": 28}}, {"model": "location.city", "pk": 297, "fields": {"name": "\u9647\u5357\u5e02", "province": 28}}, {"model": "location.city", "pk": 298, "fields": {"name": "\u7518\u5357\u85cf\u65cf\u81ea\u6cbb\u5dde", "province": 28}}, {"model": "location.city", "pk": 299, "fields": {"name": "\u5170\u5dde\u5e02", "province": 28}}, {"model": "location.city", "pk": 300, "fields": {"name": "\u4e34\u590f\u56de\u65cf\u81ea\u6cbb\u5dde", "province": 28}}, {"model": "location.city", "pk": 301, "fields": {"name": "\u5e86\u9633\u5e02", "province": 28}}, {"model": "location.city", "pk": 302, "fields": {"name": "\u91d1\u660c\u5e02", "province": 28}}, {"model": "location.city", "pk": 303, "fields": {"name": "\u5b9a\u897f\u5e02", "province": 28}}, {"model": "location.city", "pk": 304, "fields": {"name": "\u767d\u94f6\u5e02", "province": 28}}, {"model": "location.city", "pk": 305, "fields": {"name": "\u5609\u5cea\u5173\u5e02", "province": 28}}, {"model": "location.city", "pk": 306, "fields": {"name": "\u5929\u6c34\u5e02", "province": 28}}, {"model": "location.city", "pk": 307, "fields": {"name": "\u6b66\u5a01\u5e02", "province": 28}}, {"model": "location.city", "pk": 308, "fields": {"name": "\u9152\u6cc9\u5e02", "province": 28}}, {"model": "location.city", "pk": 309, "fields": {"name": "\u5f20\u6396\u5e02", "province": 28}}, {"model": "location.city", "pk": 310, "fields": {"name": "\u4e5d\u6c5f\u5e02", "province": 29}}, {"model": "location.city", "pk": 311, "fields": {"name": "\u9e70\u6f6d\u5e02", "province": 29}}, {"model": "location.city", "pk": 312, "fields": {"name": "\u4e0a\u9976\u5e02", "province": 29}}, {"model": "location.city", "pk": 313, "fields": {"name": "\u5357\u660c\u5e02", "province": 29}}, {"model": "location.city", "pk": 314, "fields": {"name": "\u8d63\u5dde\u5e02", "province": 29}}, {"model": "location.city", "pk": 315, "fields": {"name": "\u5409\u5b89\u5e02", "province": 29}}, {"model": "location.city", "pk": 316, "fields": {"name": "\u629a\u5dde\u5e02", "province": 29}}, {"model": "location.city", "pk": 317, "fields": {"name": "\u666f\u5fb7\u9547\u5e02", "province": 29}}, {"model": "location.city", "pk": 318, "fields": {"name": "\u65b0\u4f59\u5e02", "province": 29}}, {"model": "location.city", "pk": 319, "fields": {"name": "\u840d\u4e61\u5e02", "province": 29}}, {"model": "location.city", "pk": 320, "fields": {"name": "\u5b9c\u6625\u5e02", "province": 29}}, {"model": "location.city", "pk": 321, "fields": {"name": "\u9e64\u5c97\u5e02", "province": 30}}, {"model": "location.city", "pk": 322, "fields": {"name": "\u7ee5\u5316\u5e02", "province": 30}}, {"model": "location.city", "pk": 323, "fields": {"name": "\u53cc\u9e2d\u5c71\u5e02", "province": 30}}, {"model": "location.city", "pk": 324, "fields": {"name": "\u5927\u5e86\u5e02", "province": 30}}, {"model": "location.city", "pk": 325, "fields": {"name": "\u9e21\u897f\u5e02", "province": 30}}, {"model": "location.city", "pk": 326, "fields": {"name": "\u4f0a\u6625\u5e02", "province": 30}}, {"model": "location.city", "pk": 327, "fields": {"name": "\u4f73\u6728\u65af\u5e02", "province": 30}}, {"model": "location.city", "pk": 328, "fields": {"name": "\u7261\u4e39\u6c5f\u5e02", "province": 30}}, {"model": "location.city", "pk": 329, "fields": {"name": "\u54c8\u5c14\u6ee8\u5e02", "province": 30}}, {"model": "location.city", "pk": 330, "fields": {"name": "\u5927\u5174\u5b89\u5cad\u5730\u533a", "province": 30}}, {"model": "location.city", "pk": 331, "fields": {"name": "\u9f50\u9f50\u54c8\u5c14\u5e02", "province": 30}}, {"model": "location.city", "pk": 332, "fields": {"name": "\u4e03\u53f0\u6cb3\u5e02", "province": 30}}, {"model": "location.city", "pk": 333, "fields": {"name": "\u9ed1\u6cb3\u5e02", "province": 30}}, {"model": "location.city", "pk": 334, "fields": {"name": "\u67a3\u5e84\u5e02", "province": 31}}, {"model": "location.city", "pk": 335, "fields": {"name": "\u83b1\u829c\u5e02", "province": 31}}, {"model": "location.city", "pk": 336, "fields": {"name": "\u6ee8\u5dde\u5e02", "province": 31}}, {"model": "location.city", "pk": 337, "fields": {"name": "\u4e1c\u8425\u5e02", "province": 31}}, {"model": "location.city", "pk": 338, "fields": {"name": "\u5fb7\u5dde\u5e02", "province": 31}}, {"model": "location.city", "pk": 339, "fields": {"name": "\u70df\u53f0\u5e02", "province": 31}}, {"model": "location.city", "pk": 340, "fields": {"name": "\u65e5\u7167\u5e02", "province": 31}}, {"model": "location.city", "pk": 341, "fields": {"name": "\u6f4d\u574a\u5e02", "province": 31}}, {"model": "location.city", "pk": 342, "fields": {"name": "\u804a\u57ce\u5e02", "province": 31}}, {"model": "location.city", "pk": 343, "fields": {"name": "\u6d4e\u5b81\u5e02", "province": 31}}, {"model": "location.city", "pk": 344, "fields": {"name": "\u5a01\u6d77\u5e02", "province": 31}}, {"model": "location.city", "pk": 345, "fields": {"name": "\u6d4e\u5357\u5e02", "province": 31}}, {"model": "location.city", "pk": 346, "fields": {"name": "\u9752\u5c9b\u5e02", "province": 31}}, {"model": "location.city", "pk": 347, "fields": {"name": "\u6cf0\u5b89\u5e02", "province": 31}}, {"model": "location.city", "pk": 348, "fields": {"name": "\u6dc4\u535a\u5e02", "province": 31}}, {"model": "location.city", "pk": 349, "fields": {"name": "\u4e34\u6c82\u5e02", "province": 31}}, {"model": "location.city", "pk": 350, "fields": {"name": "\u83cf\u6cfd\u5e02", "province": 31}}, {"model": "location.city", "pk": 351, "fields": {"name": "\u6e5b\u6c5f\u5e02", "province": 32}}, {"model": "location.city", "pk": 352, "fields": {"name": "\u8087\u5e86\u5e02", "province": 32}}, {"model": "location.city", "pk": 353, "fields": {"name": "\u6e05\u8fdc\u5e02", "province": 32}}, {"model": "location.city", "pk": 354, "fields": {"name": "\u6f6e\u5dde\u5e02", "province": 32}}, {"model": "location.city", "pk": 355, "fields": {"name": "\u5e7f\u5dde\u5e02", "province": 32}}, {"model": "location.city", "pk": 356, "fields": {"name": "\u97f6\u5173\u5e02", "province": 32}}, {"model": "location.city", "pk": 357, "fields": {"name": "\u6c55\u5c3e\u5e02", "province": 32}}, {"model": "location.city", "pk": 358, "fields": {"name": "\u6df1\u5733\u5e02", "province": 32}}, {"model": "location.city", "pk": 359, "fields": {"name": "\u6cb3\u6e90\u5e02", "province": 32}}, {"model": "location.city", "pk": 360, "fields": {"name": "\u73e0\u6d77\u5e02", "province": 32}}, {"model": "location.city", "pk": 361, "fields": {"name": "\u6885\u5dde\u5e02", "province": 32}}, {"model": "location.city", "pk": 362, "fields": {"name": "\u6c55\u5934\u5e02", "province": 32}}, {"model": "location.city", "pk": 363, "fields": {"name": "\u4e91\u6d6e\u5e02", "province": 32}}, {"model": "location.city", "pk": 364, "fields": {"name": "\u4f5b\u5c71\u5e02", "province": 32}}, {"model": "location.city", "pk": 365, "fields": {"name": "\u8302\u540d\u5e02", "province": 32}}, {"model": "location.city", "pk": 366, "fields": {"name": "\u4e2d\u5c71\u5e02", "province": 32}}, {"model": "location.city", "pk": 367, "fields": {"name": "\u60e0\u5dde\u5e02", "province": 32}}, {"model": "location.city", "pk": 368, "fields": {"name": "\u6c5f\u95e8\u5e02", "province": 32}}, {"model": "location.city", "pk": 369, "fields": {"name": "\u9633\u6c5f\u5e02", "province": 32}}, {"model": "location.city", "pk": 370, "fields": {"name": "\u63ed\u9633\u5e02", "province": 32}}, {"model": "location.city", "pk": 371, "fields": {"name": "\u4e1c\u839e\u5e02", "province": 32}}, {"model": "location.city", "pk": 372, "fields": {"name": "\u4e0a\u6d77\u5e02\u90ca\u53bf", "province": 33}}, {"model": "location.city", "pk": 373, "fields": {"name": "\u4e0a\u6d77\u5e02\u5e02\u8f96\u533a", "province": 33}}, {"model": "location.city", "pk": 374, "fields": {"name": "\u5df4\u97f3\u90ed\u695e\u8499\u53e4\u81ea\u6cbb\u5dde", "province": 34}}, {"model": "location.city", "pk": 375, "fields": {"name": "\u53ef\u514b\u8fbe\u62c9\u5e02", "province": 34}}, {"model": "location.city", "pk": 376, "fields": {"name": "\u514b\u5b5c\u52d2\u82cf\u67ef\u5c14\u514b\u5b5c\u81ea\u6cbb\u5dde", "province": 34}}, {"model": "location.city", "pk": 377, "fields": {"name": "\u660c\u5409\u56de\u65cf\u81ea\u6cbb\u5dde", "province": 34}}, {"model": "location.city", "pk": 378, "fields": {"name": "\u548c\u7530\u5730\u533a", "province": 34}}, {"model": "location.city", "pk": 379, "fields": {"name": "\u514b\u62c9\u739b\u4f9d\u5e02", "province": 34}}, {"model": "location.city", "pk": 380, "fields": {"name": "\u963f\u52d2\u6cf0\u5730\u533a", "province": 34}}, {"model": "location.city", "pk": 381, "fields": {"name": "\u5410\u9c81\u756a\u5e02", "province": 34}}, {"model": "location.city", "pk": 382, "fields": {"name": "\u963f\u514b\u82cf\u5730\u533a", "province": 34}}, {"model": "location.city", "pk": 383, "fields": {"name": "\u54c8\u5bc6\u5730\u533a", "province": 34}}, {"model": "location.city", "pk": 384, "fields": {"name": "\u535a\u5c14\u5854\u62c9\u8499\u53e4\u81ea\u6cbb\u5dde", "province": 34}}, {"model": "location.city", "pk": 385, "fields": {"name": "\u5580\u4ec0\u5730\u533a", "province": 34}}, {"model": "location.city", "pk": 386, "fields": {"name": "\u4f0a\u7281\u54c8\u8428\u514b\u81ea\u6cbb\u5dde", "province": 34}}, {"model": "location.city", "pk": 387, "fields": {"name": "\u4e4c\u9c81\u6728\u9f50\u5e02", "province": 34}}, {"model": "location.city", "pk": 388, "fields": {"name": "\u5854\u57ce\u5730\u533a", "province": 34}}, {"model": "location.city", "pk": 389, "fields": {"name": "\u77f3\u6cb3\u5b50\u5e02", "province": 34}}, {"model": "location.city", "pk": 390, "fields": {"name": "\u963f\u62c9\u5c14\u5e02", "province": 34}}, {"model": "location.city", "pk": 391, "fields": {"name": "\u56fe\u6728\u8212\u514b\u5e02", "province": 34}}, {"model": "location.city", "pk": 392, "fields": {"name": "\u4e94\u5bb6\u6e20\u5e02", "province": 34}}, {"model": "location.city", "pk": 393, "fields": {"name": "\u5317\u5c6f\u5e02", "province": 34}}, {"model": "location.city", "pk": 394, "fields": {"name": "\u94c1\u95e8\u5173\u5e02", "province": 34}}, {"model": "location.city", "pk": 395, "fields": {"name": "\u53cc\u6cb3\u5e02", "province": 34}}, {"model": "auth.permission", "pk": 1, "fields": {"name": "Can add log entry", "content_type": 1, "codename": "add_logentry"}}, {"model": "auth.permission", "pk": 2, "fields": {"name": "Can change log entry", "content_type": 1, "codename": "change_logentry"}}, {"model": "auth.permission", "pk": 3, "fields": {"name": "Can delete log entry", "content_type": 1, "codename": "delete_logentry"}}, {"model": "auth.permission", "pk": 4, "fields": {"name": "Can add permission", "content_type": 2, "codename": "add_permission"}}, {"model": "auth.permission", "pk": 5, "fields": {"name": "Can change permission", "content_type": 2, "codename": "change_permission"}}, {"model": "auth.permission", "pk": 6, "fields": {"name": "Can delete permission", "content_type": 2, "codename": "delete_permission"}}, {"model": "auth.permission", "pk": 7, "fields": {"name": "Can add group", "content_type": 3, "codename": "add_group"}}, {"model": "auth.permission", "pk": 8, "fields": {"name": "Can change group", "content_type": 3, "codename": "change_group"}}, {"model": "auth.permission", "pk": 9, "fields": {"name": "Can delete group", "content_type": 3, "codename": "delete_group"}}, {"model": "auth.permission", "pk": 10, "fields": {"name": "Can add content type", "content_type": 4, "codename": "add_contenttype"}}, {"model": "auth.permission", "pk": 11, "fields": {"name": "Can change content type", "content_type": 4, "codename": "change_contenttype"}}, {"model": "auth.permission", "pk": 12, "fields": {"name": "Can delete content type", "content_type": 4, "codename": "delete_contenttype"}}, {"model": "auth.permission", "pk": 13, "fields": {"name": "Can add session", "content_type": 5, "codename": "add_session"}}, {"model": "auth.permission", "pk": 14, "fields": {"name": "Can change session", "content_type": 5, "codename": "change_session"}}, {"model": "auth.permission", "pk": 15, "fields": {"name": "Can delete session", "content_type": 5, "codename": "delete_session"}}, {"model": "auth.permission", "pk": 16, "fields": {"name": "Can add \u6d3b\u52a8", "content_type": 6, "codename": "add_action"}}, {"model": "auth.permission", "pk": 17, "fields": {"name": "Can change \u6d3b\u52a8", "content_type": 6, "codename": "change_action"}}, {"model": "auth.permission", "pk": 18, "fields": {"name": "Can delete \u6d3b\u52a8", "content_type": 6, "codename": "delete_action"}}, {"model": "auth.permission", "pk": 19, "fields": {"name": "Can add \u5e16\u5b50", "content_type": 7, "codename": "add_post"}}, {"model": "auth.permission", "pk": 20, "fields": {"name": "Can change \u5e16\u5b50", "content_type": 7, "codename": "change_post"}}, {"model": "auth.permission", "pk": 21, "fields": {"name": "Can delete \u5e16\u5b50", "content_type": 7, "codename": "delete_post"}}, {"model": "auth.permission", "pk": 22, "fields": {"name": "Can add \u7f8e\u98df\u8bc4\u8bba", "content_type": 8, "codename": "add_foodcomment"}}, {"model": "auth.permission", "pk": 23, "fields": {"name": "Can change \u7f8e\u98df\u8bc4\u8bba", "content_type": 8, "codename": "change_foodcomment"}}, {"model": "auth.permission", "pk": 24, "fields": {"name": "Can delete \u7f8e\u98df\u8bc4\u8bba", "content_type": 8, "codename": "delete_foodcomment"}}, {"model": "auth.permission", "pk": 25, "fields": {"name": "Can add \u4e13\u9898\u8bc4\u8bba", "content_type": 9, "codename": "add_topiccomment"}}, {"model": "auth.permission", "pk": 26, "fields": {"name": "Can change \u4e13\u9898\u8bc4\u8bba", "content_type": 9, "codename": "change_topiccomment"}}, {"model": "auth.permission", "pk": 27, "fields": {"name": "Can delete \u4e13\u9898\u8bc4\u8bba", "content_type": 9, "codename": "delete_topiccomment"}}, {"model": "auth.permission", "pk": 28, "fields": {"name": "Can add \u5e16\u5b50\u8bc4\u8bba", "content_type": 10, "codename": "add_postcomment"}}, {"model": "auth.permission", "pk": 29, "fields": {"name": "Can change \u5e16\u5b50\u8bc4\u8bba", "content_type": 10, "codename": "change_postcomment"}}, {"model": "auth.permission", "pk": 30, "fields": {"name": "Can delete \u5e16\u5b50\u8bc4\u8bba", "content_type": 10, "codename": "delete_postcomment"}}, {"model": "auth.permission", "pk": 31, "fields": {"name": "Can add \u98df\u54c1\u5206\u7c7b", "content_type": 11, "codename": "add_foodcategory"}}, {"model": "auth.permission", "pk": 32, "fields": {"name": "Can change \u98df\u54c1\u5206\u7c7b", "content_type": 11, "codename": "change_foodcategory"}}, {"model": "auth.permission", "pk": 33, "fields": {"name": "Can delete \u98df\u54c1\u5206\u7c7b", "content_type": 11, "codename": "delete_foodcategory"}}, {"model": "auth.permission", "pk": 34, "fields": {"name": "Can add \u98df\u54c1", "content_type": 12, "codename": "add_food"}}, {"model": "auth.permission", "pk": 35, "fields": {"name": "Can change \u98df\u54c1", "content_type": 12, "codename": "change_food"}}, {"model": "auth.permission", "pk": 36, "fields": {"name": "Can delete \u98df\u54c1", "content_type": 12, "codename": "delete_food"}}, {"model": "auth.permission", "pk": 37, "fields": {"name": "Can add \u7701\u4efd", "content_type": 13, "codename": "add_province"}}, {"model": "auth.permission", "pk": 38, "fields": {"name": "Can change \u7701\u4efd", "content_type": 13, "codename": "change_province"}}, {"model": "auth.permission", "pk": 39, "fields": {"name": "Can delete \u7701\u4efd", "content_type": 13, "codename": "delete_province"}}, {"model": "auth.permission", "pk": 40, "fields": {"name": "Can add \u57ce\u5e02", "content_type": 14, "codename": "add_city"}}, {"model": "auth.permission", "pk": 41, "fields": {"name": "Can change \u57ce\u5e02", "content_type": 14, "codename": "change_city"}}, {"model": "auth.permission", "pk": 42, "fields": {"name": "Can delete \u57ce\u5e02", "content_type": 14, "codename": "delete_city"}}, {"model": "auth.permission", "pk": 43, "fields": {"name": "Can add place", "content_type": 15, "codename": "add_place"}}, {"model": "auth.permission", "pk": 44, "fields": {"name": "Can change place", "content_type": 15, "codename": "change_place"}}, {"model": "auth.permission", "pk": 45, "fields": {"name": "Can delete place", "content_type": 15, "codename": "delete_place"}}, {"model": "auth.permission", "pk": 46, "fields": {"name": "Can add kv store", "content_type": 16, "codename": "add_kvstore"}}, {"model": "auth.permission", "pk": 47, "fields": {"name": "Can change kv store", "content_type": 16, "codename": "change_kvstore"}}, {"model": "auth.permission", "pk": 48, "fields": {"name": "Can delete kv store", "content_type": 16, "codename": "delete_kvstore"}}, {"model": "auth.permission", "pk": 49, "fields": {"name": "Can add Tag", "content_type": 17, "codename": "add_tag"}}, {"model": "auth.permission", "pk": 50, "fields": {"name": "Can change Tag", "content_type": 17, "codename": "change_tag"}}, {"model": "auth.permission", "pk": 51, "fields": {"name": "Can delete Tag", "content_type": 17, "codename": "delete_tag"}}, {"model": "auth.permission", "pk": 52, "fields": {"name": "Can add Tagged Item", "content_type": 18, "codename": "add_taggeditem"}}, {"model": "auth.permission", "pk": 53, "fields": {"name": "Can change Tagged Item", "content_type": 18, "codename": "change_taggeditem"}}, {"model": "auth.permission", "pk": 54, "fields": {"name": "Can delete Tagged Item", "content_type": 18, "codename": "delete_taggeditem"}}, {"model": "auth.permission", "pk": 55, "fields": {"name": "Can add \u7f8e\u98df\u4e13\u9898", "content_type": 19, "codename": "add_foodtopic"}}, {"model": "auth.permission", "pk": 56, "fields": {"name": "Can change \u7f8e\u98df\u4e13\u9898", "content_type": 19, "codename": "change_foodtopic"}}, {"model": "auth.permission", "pk": 57, "fields": {"name": "Can delete \u7f8e\u98df\u4e13\u9898", "content_type": 19, "codename": "delete_foodtopic"}}, {"model": "auth.permission", "pk": 58, "fields": {"name": "Can add user", "content_type": 20, "codename": "add_user"}}, {"model": "auth.permission", "pk": 59, "fields": {"name": "Can change user", "content_type": 20, "codename": "change_user"}}, {"model": "auth.permission", "pk": 60, "fields": {"name": "Can delete user", "content_type": 20, "codename": "delete_user"}}, {"model": "auth.permission", "pk": 61, "fields": {"name": "Can add \u7528\u6237\u8bbe\u7f6e", "content_type": 21, "codename": "add_usersetting"}}, {"model": "auth.permission", "pk": 62, "fields": {"name": "Can change \u7528\u6237\u8bbe\u7f6e", "content_type": 21, "codename": "change_usersetting"}}, {"model": "auth.permission", "pk": 63, "fields": {"name": "Can delete \u7528\u6237\u8bbe\u7f6e", "content_type": 21, "codename": "delete_usersetting"}}, {"model": "auth.permission", "pk": 64, "fields": {"name": "Can add \u7528\u6237\u6863\u6848", "content_type": 22, "codename": "add_userprofile"}}, {"model": "auth.permission", "pk": 65, "fields": {"name": "Can change \u7528\u6237\u6863\u6848", "content_type": 22, "codename": "change_userprofile"}}, {"model": "auth.permission", "pk": 66, "fields": {"name": "Can delete \u7528\u6237\u6863\u6848", "content_type": 22, "codename": "delete_userprofile"}}, {"model": "auth.permission", "pk": 67, "fields": {"name": "Can add vote", "content_type": 23, "codename": "add_vote"}}, {"model": "auth.permission", "pk": 68, "fields": {"name": "Can change vote", "content_type": 23, "codename": "change_vote"}}, {"model": "auth.permission", "pk": 69, "fields": {"name": "Can delete vote", "content_type": 23, "codename": "delete_vote"}}, {"model": "auth.permission", "pk": 70, "fields": {"name": "Can add \u5e16\u5b50\u8bc4\u8bba", "content_type": 24, "codename": "add_forumpostcomment"}}, {"model": "auth.permission", "pk": 71, "fields": {"name": "Can change \u5e16\u5b50\u8bc4\u8bba", "content_type": 24, "codename": "change_forumpostcomment"}}, {"model": "auth.permission", "pk": 72, "fields": {"name": "Can delete \u5e16\u5b50\u8bc4\u8bba", "content_type": 24, "codename": "delete_forumpostcomment"}}, {"model": "auth.permission", "pk": 73, "fields": {"name": "Can add board", "content_type": 25, "codename": "add_board"}}, {"model": "auth.permission", "pk": 74, "fields": {"name": "Can change board", "content_type": 25, "codename": "change_board"}}, {"model": "auth.permission", "pk": 75, "fields": {"name": "Can delete board", "content_type": 25, "codename": "delete_board"}}, {"model": "auth.permission", "pk": 76, "fields": {"name": "Can add forum post", "content_type": 26, "codename": "add_forumpost"}}, {"model": "auth.permission", "pk": 77, "fields": {"name": "Can change forum post", "content_type": 26, "codename": "change_forumpost"}}, {"model": "auth.permission", "pk": 78, "fields": {"name": "Can delete forum post", "content_type": 26, "codename": "delete_forumpost"}}, {"model": "auth.permission", "pk": 79, "fields": {"name": "Can add task state", "content_type": 27, "codename": "add_taskmeta"}}, {"model": "auth.permission", "pk": 80, "fields": {"name": "Can change task state", "content_type": 27, "codename": "change_taskmeta"}}, {"model": "auth.permission", "pk": 81, "fields": {"name": "Can delete task state", "content_type": 27, "codename": "delete_taskmeta"}}, {"model": "auth.permission", "pk": 82, "fields": {"name": "Can add saved group result", "content_type": 28, "codename": "add_tasksetmeta"}}, {"model": "auth.permission", "pk": 83, "fields": {"name": "Can change saved group result", "content_type": 28, "codename": "change_tasksetmeta"}}, {"model": "auth.permission", "pk": 84, "fields": {"name": "Can delete saved group result", "content_type": 28, "codename": "delete_tasksetmeta"}}, {"model": "auth.permission", "pk": 85, "fields": {"name": "Can add interval", "content_type": 29, "codename": "add_intervalschedule"}}, {"model": "auth.permission", "pk": 86, "fields": {"name": "Can change interval", "content_type": 29, "codename": "change_intervalschedule"}}, {"model": "auth.permission", "pk": 87, "fields": {"name": "Can delete interval", "content_type": 29, "codename": "delete_intervalschedule"}}, {"model": "auth.permission", "pk": 88, "fields": {"name": "Can add crontab", "content_type": 30, "codename": "add_crontabschedule"}}, {"model": "auth.permission", "pk": 89, "fields": {"name": "Can change crontab", "content_type": 30, "codename": "change_crontabschedule"}}, {"model": "auth.permission", "pk": 90, "fields": {"name": "Can delete crontab", "content_type": 30, "codename": "delete_crontabschedule"}}, {"model": "auth.permission", "pk": 91, "fields": {"name": "Can add periodic tasks", "content_type": 31, "codename": "add_periodictasks"}}, {"model": "auth.permission", "pk": 92, "fields": {"name": "Can change periodic tasks", "content_type": 31, "codename": "change_periodictasks"}}, {"model": "auth.permission", "pk": 93, "fields": {"name": "Can delete periodic tasks", "content_type": 31, "codename": "delete_periodictasks"}}, {"model": "auth.permission", "pk": 94, "fields": {"name": "Can add periodic task", "content_type": 32, "codename": "add_periodictask"}}, {"model": "auth.permission", "pk": 95, "fields": {"name": "Can change periodic task", "content_type": 32, "codename": "change_periodictask"}}, {"model": "auth.permission", "pk": 96, "fields": {"name": "Can delete periodic task", "content_type": 32, "codename": "delete_periodictask"}}, {"model": "auth.permission", "pk": 97, "fields": {"name": "Can add worker", "content_type": 33, "codename": "add_workerstate"}}, {"model": "auth.permission", "pk": 98, "fields": {"name": "Can change worker", "content_type": 33, "codename": "change_workerstate"}}, {"model": "auth.permission", "pk": 99, "fields": {"name": "Can delete worker", "content_type": 33, "codename": "delete_workerstate"}}, {"model": "auth.permission", "pk": 100, "fields": {"name": "Can add task", "content_type": 34, "codename": "add_taskstate"}}, {"model": "auth.permission", "pk": 101, "fields": {"name": "Can change task", "content_type": 34, "codename": "change_taskstate"}}, {"model": "auth.permission", "pk": 102, "fields": {"name": "Can delete task", "content_type": 34, "codename": "delete_taskstate"}}, {"model": "user.user", "pk": 1, "fields": {"password": "pbkdf2_sha256$24000$bfW4TqzkA4BZ$8Ivov8EvJ1x9F0lJeI71zznJp+Bbgb+57OUO/pz64kE=", "last_login": "2016-10-03T07:24:51.935Z", "is_superuser": false, "username": "tonnie", "first_name": "", "last_name": "", "email": "mrlwt@qq.com", "is_staff": false, "is_active": true, "date_joined": "2016-09-19T02:28:49.577Z", "groups": [], "user_permissions": [], "following": []}}, {"model": "user.user", "pk": 2, "fields": {"password": "pbkdf2_sha256$24000$E7CSTsMzNKY9$/pbiY/1Z3mMJvvw/isnxoJDomxjbYXPXgdFX2xqE0Ic=", "last_login": "2016-09-19T02:42:53.353Z", "is_superuser": true, "username": "lwt", "first_name": "", "last_name": "", "email": "", "is_staff": true, "is_active": true, "date_joined": "2016-09-19T02:42:46.977Z", "groups": [], "user_permissions": [], "following": []}}, {"model": "user.usersetting", "pk": 1, "fields": {"user": 1, "background_img": ""}}, {"model": "user.usersetting", "pk": 2, "fields": {"user": 2, "background_img": ""}}, {"model": "user.userprofile", "pk": 1, "fields": {"user": 1, "location": null, "introduction": "", "gender": null, "date_of_birth": null, "avatar": ""}}, {"model": "user.userprofile", "pk": 2, "fields": {"user": 2, "location": null, "introduction": "", "gender": null, "date_of_birth": null, "avatar": ""}}]